-- MySQL dump 10.13  Distrib 8.0.25, for Win64 (x86_64)
--
-- Host: localhost    Database: vk
-- ------------------------------------------------------
-- Server version	8.0.25

/*!40101 SET @OLD_CHARACTER_SET_CLIENT=@@CHARACTER_SET_CLIENT */;
/*!40101 SET @OLD_CHARACTER_SET_RESULTS=@@CHARACTER_SET_RESULTS */;
/*!40101 SET @OLD_COLLATION_CONNECTION=@@COLLATION_CONNECTION */;
/*!50503 SET NAMES utf8mb4 */;
/*!40103 SET @OLD_TIME_ZONE=@@TIME_ZONE */;
/*!40103 SET TIME_ZONE='+00:00' */;
/*!40014 SET @OLD_UNIQUE_CHECKS=@@UNIQUE_CHECKS, UNIQUE_CHECKS=0 */;
/*!40014 SET @OLD_FOREIGN_KEY_CHECKS=@@FOREIGN_KEY_CHECKS, FOREIGN_KEY_CHECKS=0 */;
/*!40101 SET @OLD_SQL_MODE=@@SQL_MODE, SQL_MODE='NO_AUTO_VALUE_ON_ZERO' */;
/*!40111 SET @OLD_SQL_NOTES=@@SQL_NOTES, SQL_NOTES=0 */;

--
-- Table structure for table `communities`
--

DROP TABLE IF EXISTS `communities`;
/*!40101 SET @saved_cs_client     = @@character_set_client */;
/*!50503 SET character_set_client = utf8mb4 */;
CREATE TABLE `communities` (
  `id` bigint unsigned NOT NULL AUTO_INCREMENT,
  `name` varchar(145) CHARACTER SET utf8 COLLATE utf8_unicode_ci NOT NULL,
  `description` varchar(245) CHARACTER SET utf8 COLLATE utf8_unicode_ci DEFAULT NULL,
  `admin_id` bigint unsigned NOT NULL,
  PRIMARY KEY (`id`),
  KEY `fk_communities_users_admin_idx` (`admin_id`),
  CONSTRAINT `fk_communities_users` FOREIGN KEY (`admin_id`) REFERENCES `users` (`id`)
) ENGINE=InnoDB AUTO_INCREMENT=101 DEFAULT CHARSET=utf8mb3 COLLATE=utf8_unicode_ci;
/*!40101 SET character_set_client = @saved_cs_client */;

--
-- Dumping data for table `communities`
--

LOCK TABLES `communities` WRITE;
/*!40000 ALTER TABLE `communities` DISABLE KEYS */;
INSERT INTO `communities` VALUES (1,'Front-line 6thgeneration protocol','Consequatur eaque fugit architecto cumque eveniet. Ex nesciunt deleniti expedita fugiat. Voluptates laudantium voluptas rerum qui.',70),(2,'Synergized human-resource project','Maiores similique culpa aut perferendis. Sunt quis consectetur non dolorem at dolor. Omnis totam dolorem omnis ex saepe eius magnam. Temporibus autem odit quidem animi nostrum.',78),(3,'Adaptive bi-directional website','Sed vitae voluptatem fuga autem et consequuntur rerum. Aspernatur quisquam ex voluptatem culpa maiores quis nihil commodi. Rerum reprehenderit doloremque nostrum officia nostrum. Commodi voluptatem deserunt animi repellat quos.',14),(4,'Polarised foreground model','Assumenda quis deserunt ducimus dignissimos officia. Non odit sequi modi ut.',42),(5,'Up-sized exuding standardization','Exercitationem enim alias eos eum commodi. Aut tempora magnam suscipit dolores. Ullam molestias vel quibusdam qui consequatur consectetur corrupti qui. Nam consequuntur aut inventore. Voluptas quas praesentium et sit nihil.',93),(6,'Quality-focused well-modulated openarchitecture','Minus neque id hic in voluptatem tempore. Explicabo aspernatur officia non. Esse nihil placeat pariatur ipsum. Porro dolore iusto commodi incidunt tempore.',40),(7,'Vision-oriented directional openarchitecture','Omnis ut magnam perspiciatis suscipit laudantium perspiciatis dolorem. Quod autem aut qui aut iusto praesentium. Est qui atque corrupti porro. Perferendis reprehenderit sit odit eos tempore quam dolorem consequatur.',36),(8,'Organized context-sensitive hardware','Accusamus sit distinctio provident cumque enim dolore dolores. Et autem blanditiis et qui numquam omnis exercitationem. Et ut molestiae iste error.',3),(9,'Universal directional task-force','Molestiae mollitia fuga debitis pariatur est earum est. Enim accusantium blanditiis sapiente est deleniti natus veritatis. Eligendi est officiis aut eum quibusdam beatae ut. Enim tenetur maiores velit eveniet aut occaecati. Omnis dolorum non exc',34),(10,'Public-key cohesive utilisation','Voluptatem enim officiis voluptates qui blanditiis non. Ea eligendi porro molestias vitae. Alias repellendus aspernatur dolore dolores dolore inventore. Est exercitationem placeat repellendus neque nisi.',17),(11,'Ergonomic actuating benchmark','Distinctio ut reiciendis autem magni esse error iure. At quidem distinctio ipsam atque totam similique. Velit recusandae et voluptatem omnis ratione quae.',11),(12,'Optimized composite pricingstructure','Iure recusandae optio blanditiis. Eum qui pariatur dolor et. Minus voluptatem quia molestiae ratione doloribus voluptates amet. Rerum esse repellendus pariatur quisquam sunt.',72),(13,'Distributed multi-tasking interface','Et eveniet amet quidem minus illum. Et in quisquam sint voluptatibus enim tenetur unde. Doloribus voluptatem aliquam molestias.',4),(14,'Centralized uniform throughput','Ab at exercitationem facere veritatis quo. Error qui officiis sunt quo doloremque aut suscipit. Totam similique non quos explicabo dolorem. Ratione culpa consequatur non quam occaecati.',16),(15,'Phased dedicated algorithm','Nesciunt possimus recusandae totam illo blanditiis fuga sit. Qui animi reprehenderit consequuntur sunt vel et ipsam quis. Atque et sed consectetur sed expedita.',61),(16,'Reverse-engineered well-modulated approach','Aliquid minima ducimus facilis est. Est sit porro provident suscipit. Totam aut porro sit quidem. Similique dolorum ipsum molestiae eius quia totam reiciendis.',61),(17,'User-centric incremental alliance','Non sit sed dolor accusamus voluptatem est quos. Dignissimos ab illum eum doloribus.',59),(18,'Seamless dedicated attitude','Repellendus blanditiis perspiciatis laborum adipisci sunt porro. Aut nam qui occaecati neque similique. Autem aut consequatur vel dolor deleniti eos nesciunt.',4),(19,'Front-line systemic protocol','Aut distinctio id nemo velit. Quo quod modi et sint aut beatae odit. Vel quos quia aut cum voluptatum soluta. Praesentium et architecto quis molestiae sunt.',85),(20,'Customizable fresh-thinking migration','Quam facere sed corporis sed consectetur et ea. Officiis distinctio dolore labore veritatis. Pariatur ratione totam nesciunt minus placeat nemo.',24),(21,'Profound optimal functionalities','Qui eius eligendi accusantium officia magnam ad. Dicta ratione nisi molestias consectetur et corrupti neque. Praesentium in occaecati explicabo itaque suscipit cupiditate aut. Qui explicabo nemo fugit architecto.',16),(22,'Multi-channelled context-sensitive frame','Aperiam accusantium qui incidunt dignissimos quisquam aliquam autem. Dolorem facilis qui maiores est pariatur dicta. A eligendi possimus et incidunt. Est maxime commodi sunt harum.',49),(23,'Profit-focused tangible opensystem','Libero est rerum amet velit. Architecto delectus nesciunt cumque et consequuntur consequatur. Necessitatibus perferendis aspernatur et et facere. Dolor et explicabo assumenda quisquam accusamus aliquam voluptas.',51),(24,'Persistent incremental time-frame','Provident et quia ullam cupiditate dignissimos dolor. Dolores expedita eius sit repellendus eaque est est. Sed et iure sunt eum non mollitia.',81),(25,'Switchable 5thgeneration internetsolution','Omnis illum exercitationem cum. Quas ipsa quidem ratione omnis voluptatem. Expedita vel sunt vel quasi ut itaque eligendi sed. Non dolorum tempora est quibusdam corrupti.',7),(26,'Decentralized demand-driven processimprovement','Hic tempora molestias adipisci. Consequuntur ratione ducimus dolores est. Ab et dolor sit qui. At nesciunt inventore iste ipsam sequi.',53),(27,'Reactive value-added encoding','Sit alias quo ut est. Eveniet qui et repudiandae non modi cum. Et unde officia doloremque omnis.',23),(28,'Cloned 5thgeneration throughput','Sed iusto animi qui maxime et ratione. Et qui rerum eligendi aperiam rerum ad. Et asperiores aut qui dolore.',53),(29,'Compatible radical throughput','Ratione voluptatem et enim vel exercitationem numquam. Commodi soluta qui vitae aperiam corporis porro. Et laborum voluptatibus minima. Qui quia dolores tenetur voluptatem est ut eligendi.',16),(30,'Open-architected intangible attitude','Atque rerum aut in et ea eligendi ex. Hic non numquam dolorum iure quis excepturi. Sed occaecati voluptatem eveniet voluptatibus expedita.',82),(31,'Switchable national knowledgeuser','Enim quasi esse deleniti perferendis eaque. Earum illum voluptatem velit odio. Nihil error voluptas est amet aperiam iusto velit. Voluptatem vel quidem doloremque alias rerum vero eos.',47),(32,'Multi-tiered methodical info-mediaries','Ipsam minus veritatis aliquid ut et rem. Dolore eos quae ut beatae ullam id. Magni id blanditiis quisquam consequatur et ipsum optio.',85),(33,'Focused client-server encoding','Perferendis harum sit ab esse veniam dolorum. Dolore aut architecto harum sit. Dolorum reprehenderit quis facilis.',59),(34,'Business-focused directional framework','Mollitia ut qui maxime consectetur. Cum molestias et ducimus. Impedit dignissimos nihil libero sit.',60),(35,'Persevering empowering artificialintelligence','Inventore corrupti architecto quos alias. Aut praesentium omnis temporibus est eos reiciendis cumque consequatur. Sit aliquam labore harum sed alias.',27),(36,'Compatible modular firmware','Alias tempore ut eaque et et. Aut veniam nihil enim perferendis aut. Animi autem voluptatem possimus.',52),(37,'Programmable zerotolerance frame','Ab qui aspernatur maiores aut consectetur quaerat. Sit eos ratione dolore et. Soluta adipisci reiciendis est ut ducimus impedit. Fugit iusto non dolorum.',100),(38,'Multi-channelled user-facing structure','Enim assumenda impedit totam quaerat illum sed culpa animi. Earum autem in aut quas omnis libero commodi eos. Iste et laudantium dolorem et. Quidem natus delectus voluptas ut cupiditate quis hic.',62),(39,'Multi-lateral context-sensitive model','Quia voluptatem est asperiores in magnam ea occaecati. Placeat dolores error atque omnis. Qui asperiores sed qui sit cumque. Laboriosam molestias quidem beatae laudantium aut ea non. Aliquam et molestiae dolores dolor in nulla nulla sint.',55),(40,'Versatile mission-critical portal','Exercitationem sequi autem perspiciatis libero consequatur quis animi. Omnis vel aliquid dicta facere. Qui et aspernatur ex numquam incidunt vel commodi pariatur. Sint doloribus et ad.',33),(41,'Front-line system-worthy toolset','Eos sit est cupiditate quidem optio modi. Et et saepe quis mollitia dolorem. Culpa et nihil nulla. Consectetur vero voluptas cumque quaerat.',78),(42,'Synchronised well-modulated initiative','Ut ipsam ullam vel aut. Aliquid laborum laboriosam repellendus quis. Autem qui non aut perferendis ab sint dolor voluptates. Veritatis incidunt porro maiores debitis.',66),(43,'Fully-configurable transitional middleware','Ipsam vero repellendus quo qui ratione. Quos necessitatibus tempore quam molestiae vel. Optio aliquam corrupti voluptatem at quia est at tempore. Ipsam hic facere aliquid omnis et ut.',5),(44,'User-friendly responsive localareanetwork','Quaerat hic earum blanditiis cum quia. Quo possimus corrupti qui sit sapiente. Autem sequi occaecati et eos.',81),(45,'Persistent mission-critical access','Magni quod et et aut soluta. Sint quas tempore deserunt sit. Aliquid dolores mollitia sit explicabo.',81),(46,'Optional 5thgeneration artificialintelligence','Vel aut veniam sunt tenetur. Et inventore doloremque atque sequi. Delectus suscipit tempore ut ullam alias veniam alias. Eligendi dolorem laboriosam at dignissimos at tempore incidunt.',66),(47,'Reverse-engineered actuating localareanetwork','Perferendis tempora dignissimos pariatur unde voluptatem placeat magni. Libero reiciendis ullam ea quam sed. Similique vitae aspernatur corporis voluptas itaque suscipit sed. Nihil itaque aut qui consequatur cumque itaque ad.',41),(48,'Switchable attitude-oriented benchmark','Error vitae earum sit nobis enim asperiores est. Illum dolor dolores eaque sint distinctio recusandae. Consequuntur aut quasi nihil nemo quia. Dolorem inventore quos ut ipsum magnam dolor.',39),(49,'Extended 24/7 flexibility','Et ut et qui. Eos rerum numquam enim magnam delectus minus tempora quasi. Dolore non qui dolores reiciendis unde explicabo. Quo asperiores sapiente maiores et.',69),(50,'De-engineered dedicated project','Reprehenderit necessitatibus minima ipsa. Aliquid ipsa inventore iusto temporibus aut occaecati. Sint saepe ducimus sit voluptas voluptatem. Qui quo quaerat dolore non necessitatibus. Dolores quia est nihil quia sed labore ut ab.',26),(51,'Open-architected human-resource infrastructure','Atque qui voluptatibus dicta odio voluptatem nemo corporis. Veniam eius et quia necessitatibus. Labore consequatur quos distinctio saepe laboriosam eos. Fugiat soluta ipsam sed animi.',63),(52,'Expanded context-sensitive monitoring','Autem eos itaque eaque. Adipisci sed ad voluptatem.',85),(53,'Robust grid-enabled solution','Inventore alias soluta velit deserunt dolorem ducimus. Dignissimos nulla quis molestias voluptates sequi non. Quae eos quis sed vel sint. Aut ad aut alias eum sunt velit sunt. Sint nesciunt sint non.',74),(54,'Synergistic modular moratorium','Et omnis animi voluptatum et consequatur. Esse fugiat in et nihil voluptatem. Ut reiciendis ea ducimus illo recusandae in dolore.',13),(55,'Reactive well-modulated definition','Inventore et atque praesentium blanditiis. Veniam aut nam inventore aut doloremque voluptas. Deleniti neque cum quos at. Mollitia nihil et rerum natus.',65),(56,'Optimized discrete strategy','Sint amet dolorem sint nisi. Tempore dicta assumenda aut doloremque soluta exercitationem et. Iusto et minus consectetur nulla sed quia rerum harum. Vel et error quod unde ducimus.',80),(57,'Quality-focused actuating hardware','Laudantium et soluta veniam sapiente illum cum suscipit. Quibusdam adipisci et eveniet quaerat blanditiis. Voluptate qui ut a voluptatem. Architecto quia in officia quo delectus et fugit.',65),(58,'Synergized solution-oriented core','Dolor id quae hic voluptate quibusdam nobis. Non officiis quae quos ratione illo voluptas quaerat. Ipsum nobis ea est quibusdam et maiores et.',88),(59,'Proactive stable hardware','Consequatur ea quas quidem non assumenda molestiae omnis voluptas. Vitae hic nesciunt distinctio est velit cumque ea. Alias voluptate molestias et consequuntur dolorem unde.',32),(60,'Optional attitude-oriented projection','Ut omnis blanditiis cupiditate et natus. Et quo non facere voluptates maxime dolorem autem. Et omnis maiores vel cupiditate debitis.',81),(61,'Multi-channelled fresh-thinking implementation','Optio cupiditate atque inventore. Hic numquam aut veniam. Sed animi sunt ut sit libero et aut. Facilis dolor minima debitis sit. Exercitationem architecto et non.',69),(62,'Re-engineered dedicated customerloyalty','Ratione reiciendis tempore earum excepturi voluptates voluptatem. Qui non sed ipsa saepe expedita qui iure. Reprehenderit ut occaecati nihil tempore delectus sunt dolorem. Amet veritatis vel architecto magni sequi odit repudiandae.',78),(63,'Front-line transitional product','Qui natus sit culpa ut id. Quas ipsam sunt quod voluptatem. Et consectetur et molestiae tempore.',66),(64,'Synergized fresh-thinking solution','Id voluptas molestias deserunt iusto unde qui. Delectus perspiciatis ad fugiat at. Consectetur sit odit omnis. Suscipit ut ipsam beatae ex consequatur ut.',27),(65,'Reduced analyzing hardware','Itaque repudiandae corrupti vel porro asperiores qui incidunt. Nihil beatae repudiandae provident quis et reprehenderit quaerat. Perspiciatis eum reprehenderit molestias ipsum molestiae a. Possimus accusamus et iste aut placeat. Qui quia eaque a',38),(66,'Synergized hybrid GraphicInterface','Dolorum id iusto ut voluptas reiciendis ipsa maxime et. Earum laudantium ut atque. Labore at soluta dolorem accusantium voluptatem placeat eos. Omnis aut et aut quam quis.',92),(67,'Robust scalable interface','Ipsam et doloribus placeat aut ut voluptatem. Vel minima accusantium molestias et. Rerum voluptatem sit doloremque perspiciatis nobis.',79),(68,'Customer-focused radical localareanetwork','Est quos illo necessitatibus dolorum aperiam. Occaecati delectus qui est est neque voluptatem. Et temporibus dolores debitis aut est asperiores facilis alias.',37),(69,'Front-line scalable leverage','Quaerat dolore corrupti non qui. Sed quaerat porro assumenda nesciunt optio ut. Commodi saepe minima quo deserunt similique. Ut nemo debitis officia autem est qui aut.',53),(70,'Customer-focused upward-trending leverage','Dolorum officia aliquid eum aliquam deleniti accusamus nam aut. Qui quas et necessitatibus. Eligendi repellat unde voluptas et qui. Magni dolor excepturi deserunt est.',33),(71,'Centralized foreground matrix','Eligendi in debitis perspiciatis nostrum necessitatibus eveniet. Asperiores soluta tempora sit culpa. Exercitationem repellendus voluptatum distinctio assumenda ea. Repudiandae rerum dolor quam consectetur.',70),(72,'Total fault-tolerant algorithm','Cumque ipsam officia consequatur omnis neque eum. Et quis consequatur quis dolore rerum dolor. Minima ratione ipsa dignissimos veritatis enim. Sed enim nesciunt et.',30),(73,'Object-based zerodefect neural-net','Repudiandae rem nihil asperiores temporibus possimus facere. Et molestiae a blanditiis illum placeat nostrum. Quo aut necessitatibus officia animi. Voluptatem sunt est blanditiis consequuntur.',98),(74,'Ameliorated needs-based neural-net','Placeat maxime omnis beatae. Ea pariatur occaecati quas quam et esse atque.',75),(75,'Assimilated discrete productivity','Totam suscipit ut non. Ea dolores est ratione non. Dolores quaerat voluptatem vero. Nihil quo molestiae sit pariatur quas debitis sunt.',11),(76,'Cross-group empowering info-mediaries','Rerum reprehenderit et officia quisquam. Ratione quasi qui iusto molestias. Qui aliquid quas quasi aut. Sunt ut minima aliquam magnam harum ea eos.',78),(77,'Streamlined user-facing securedline','Voluptatem perspiciatis rerum sit. Dolores quos soluta tenetur expedita. Porro corrupti voluptatem quas quis sit esse culpa consequuntur.',40),(78,'Optimized reciprocal processimprovement','Omnis nulla alias unde tenetur ullam error non. Debitis perspiciatis et provident voluptas est qui. Minus sint ut dolorem delectus distinctio non eius. Quam ea dolorum unde doloremque non ad et. In delectus quo et vel earum rem.',52),(79,'Multi-lateral full-range forecast','Ex eligendi sed autem dolorem facilis. Et quia minus corporis ratione. Sit a id aut sit officiis dignissimos. Consequatur hic ut in perferendis eum. Molestiae dolor autem ut deleniti.',17),(80,'Realigned zerodefect matrix','Vero aspernatur exercitationem ipsam accusantium incidunt qui non. Ea et optio beatae voluptatem. Optio reiciendis harum nemo repellat eaque incidunt et. Itaque iusto sit doloribus non dolores vero.',9),(81,'Streamlined zeroadministration productivity','Et laboriosam quae saepe. Tempore molestiae nihil rerum ut dignissimos minus. Consectetur saepe soluta sunt repellendus voluptatem. Est at et aspernatur tempore consequatur odit.',77),(82,'Cloned methodical strategy','Nostrum et culpa ea veniam earum placeat totam et. Dignissimos voluptatem aliquid fuga odit cum fugiat totam.',79),(83,'Mandatory solution-oriented adapter','Quia et amet atque voluptate beatae ipsa. Ut mollitia itaque vero sunt suscipit ea earum. Repellat non tempore incidunt saepe possimus est cum dolor. Non recusandae itaque magnam totam aut aut.',93),(84,'Open-architected upward-trending success','Molestias et quo explicabo at ut non velit. Aut qui quisquam optio accusamus aliquid. Non ullam iste consequatur ut.',50),(85,'Operative well-modulated localareanetwork','Nisi voluptatem tempore nisi excepturi quasi ea. Amet ipsa odio excepturi in deleniti. Labore et natus eaque error. Ea veniam deleniti iure qui.',91),(86,'De-engineered bandwidth-monitored monitoring','Laboriosam nulla aut qui est totam quia ut. Qui nulla repudiandae id provident rerum. Velit beatae fugiat veniam reiciendis impedit vero.',58),(87,'Implemented bandwidth-monitored matrices','Voluptatem quia laboriosam mollitia ut odio voluptate ut adipisci. Est eaque totam ullam quia doloribus. Voluptatem facere iste nesciunt.',30),(88,'Grass-roots 24/7 synergy','Amet dicta corrupti voluptatibus voluptas culpa blanditiis voluptatibus. Quod voluptas ipsa esse totam ipsum quidem. Autem cupiditate iusto ab officiis nisi ad earum. Quaerat minus rem laborum nesciunt in aliquam doloribus.',56),(89,'Multi-tiered asynchronous opensystem','Et pariatur vel quia et voluptatem sint quibusdam. Sit dolor temporibus veniam et aut. Voluptatibus excepturi aut dicta architecto voluptates. Distinctio aut quis dolor.',45),(90,'Stand-alone global software','Ratione et qui enim consequatur vel. Tempore similique temporibus et doloribus optio dicta modi. Voluptatem autem rerum enim ut. Et ex iste praesentium delectus fuga ullam. Qui modi officia et iste voluptatum.',62),(91,'Future-proofed logistical ability','Iusto assumenda quae minus nemo neque et. Numquam praesentium aut dolorem id accusamus et repellendus adipisci. Corporis est culpa nihil vel omnis dolor.',36),(92,'Monitored global customerloyalty','Placeat est dolor qui reiciendis veritatis molestias. Consequatur omnis sed qui quibusdam vel quo minima. Qui repudiandae vitae libero repellendus qui. Nobis ut quibusdam nisi omnis.',13),(93,'Seamless scalable processimprovement','Omnis sint ratione qui laudantium sed nam. Alias voluptatem voluptas voluptas ut dolorum. Hic nihil et aut.',40),(94,'Cross-group actuating GraphicInterface','Assumenda qui voluptatem nobis consequatur repellat qui eveniet. Incidunt tenetur fugiat laborum doloremque consequatur. Sapiente nihil eum ut nihil esse dolor delectus.',1),(95,'Cloned executive frame','Rerum deleniti architecto amet autem. Ipsam iure velit iure. Quisquam et quis et et nam eos quos in.',40),(96,'Facetoface reciprocal matrices','Voluptatem corporis provident eum et reiciendis. Dolores non fugit voluptas excepturi et qui cum. Placeat rerum perferendis a sunt non et vero incidunt. Autem modi ut eum.',77),(97,'Polarised leadingedge ability','Velit voluptatem architecto consequatur et asperiores rerum optio. Ratione officia molestias voluptas sapiente error odio est.',93),(98,'Front-line actuating initiative','Qui et suscipit veniam non. Magnam occaecati amet atque deserunt deleniti dolores. Sint et commodi in sit cumque rerum.',18),(99,'Expanded zerodefect synergy','Voluptatem et consequatur quos. Reiciendis doloribus soluta enim. Quia quas sunt nesciunt quis voluptates.',14),(100,'Monitored clear-thinking functionalities','Vero et quia adipisci. Officiis doloremque aperiam est itaque tempora voluptatem aperiam. Enim vero quasi eius dignissimos qui repudiandae. Voluptatem et maxime rerum reprehenderit.',45);
/*!40000 ALTER TABLE `communities` ENABLE KEYS */;
UNLOCK TABLES;

--
-- Table structure for table `communities_users`
--

DROP TABLE IF EXISTS `communities_users`;
/*!40101 SET @saved_cs_client     = @@character_set_client */;
/*!50503 SET character_set_client = utf8mb4 */;
CREATE TABLE `communities_users` (
  `community_id` bigint unsigned NOT NULL,
  `user_id` bigint unsigned NOT NULL,
  `created_at` datetime NOT NULL DEFAULT CURRENT_TIMESTAMP,
  PRIMARY KEY (`community_id`,`user_id`),
  KEY `communities_users_comm_idx` (`community_id`),
  KEY `communities_users_users_idx` (`user_id`),
  CONSTRAINT `fk_communities_users_comm` FOREIGN KEY (`community_id`) REFERENCES `communities` (`id`),
  CONSTRAINT `fk_communities_users_users` FOREIGN KEY (`user_id`) REFERENCES `users` (`id`)
) ENGINE=InnoDB DEFAULT CHARSET=utf8mb3 COLLATE=utf8_unicode_ci;
/*!40101 SET character_set_client = @saved_cs_client */;

--
-- Dumping data for table `communities_users`
--

LOCK TABLES `communities_users` WRITE;
/*!40000 ALTER TABLE `communities_users` DISABLE KEYS */;
INSERT INTO `communities_users` VALUES (1,41,'2020-09-26 14:36:53'),(2,53,'2014-09-02 23:49:48'),(4,39,'1987-08-30 21:54:59'),(4,70,'2002-03-12 10:19:27'),(5,91,'1979-10-12 15:08:39'),(6,90,'2005-04-27 14:20:22'),(7,29,'2003-09-22 06:43:43'),(8,53,'1970-12-14 13:20:06'),(9,36,'2015-07-02 05:20:08'),(13,39,'2020-12-11 12:14:11'),(16,12,'2001-11-27 00:28:09'),(19,14,'1998-07-27 02:03:30'),(19,55,'1996-12-29 18:40:17'),(19,64,'2011-03-22 15:13:30'),(20,7,'1993-08-10 00:45:27'),(20,89,'2015-10-15 12:35:58'),(21,48,'1991-11-17 22:58:17'),(21,65,'2021-04-16 03:49:51'),(23,39,'1971-06-24 20:19:42'),(23,53,'1982-09-13 02:56:04'),(25,61,'2016-02-26 07:04:23'),(27,32,'2009-01-22 16:09:56'),(28,22,'2014-02-04 05:49:30'),(29,6,'1978-04-13 15:28:15'),(30,20,'2013-03-31 00:16:42'),(32,46,'1978-02-20 17:48:06'),(34,38,'1975-12-06 17:42:11'),(35,45,'1993-05-06 07:14:34'),(35,75,'1982-06-14 12:41:52'),(37,75,'1971-02-12 11:13:29'),(37,100,'2004-07-18 21:28:27'),(38,7,'1988-03-08 13:32:54'),(39,87,'1975-02-03 09:45:32'),(41,28,'2019-12-28 20:34:00'),(41,84,'2005-04-19 12:58:39'),(42,34,'2003-09-17 22:25:57'),(42,50,'2013-06-13 07:10:31'),(42,72,'2019-05-16 19:47:50'),(44,50,'1984-04-14 21:45:44'),(45,8,'2007-06-15 00:22:33'),(47,59,'1980-03-24 12:47:08'),(48,49,'1989-05-11 01:50:14'),(48,92,'1989-08-13 08:33:42'),(49,22,'2013-03-14 03:23:12'),(49,45,'2018-09-29 22:01:25'),(51,8,'2003-01-24 05:14:02'),(51,45,'1983-04-12 21:57:16'),(52,8,'2003-12-28 15:16:11'),(52,20,'1974-02-06 15:01:21'),(52,63,'2011-06-08 08:52:23'),(53,20,'1980-05-03 21:43:23'),(53,88,'1984-02-21 11:16:40'),(55,87,'1994-09-04 05:19:00'),(56,78,'2015-01-05 23:37:39'),(57,23,'1978-11-01 22:10:58'),(58,34,'1975-06-30 21:09:10'),(59,50,'2021-06-07 23:04:29'),(60,27,'2009-08-12 12:48:13'),(60,73,'2015-02-24 03:32:30'),(63,53,'2004-01-31 15:20:42'),(64,98,'2019-02-12 00:29:33'),(65,99,'2012-02-17 11:12:48'),(66,45,'2000-07-01 16:43:16'),(68,38,'2003-02-10 21:09:54'),(69,7,'1973-04-18 18:42:44'),(69,92,'2015-04-30 12:25:58'),(70,92,'1994-09-02 02:40:12'),(71,87,'1983-09-16 00:00:54'),(72,23,'1984-03-16 03:40:51'),(72,49,'1995-04-02 20:38:15'),(75,40,'2003-04-09 12:52:46'),(78,11,'1971-05-05 01:53:01'),(79,85,'2018-02-08 22:06:37'),(80,24,'2009-03-03 22:55:56'),(81,57,'1975-08-16 03:47:57'),(82,33,'2017-06-06 23:40:22'),(83,7,'1980-03-21 03:37:50'),(85,3,'2016-10-11 17:27:43'),(85,65,'1978-02-14 17:34:25'),(87,39,'1993-02-24 15:46:30'),(87,81,'1997-08-26 09:55:52'),(88,40,'2003-09-15 17:33:46'),(89,78,'2004-01-02 00:37:15'),(90,10,'2003-01-06 21:28:40'),(92,66,'2001-04-08 14:48:39'),(93,1,'1987-03-26 16:06:36'),(93,24,'1971-04-10 15:30:16'),(93,33,'1975-04-23 19:47:20'),(93,87,'1983-01-28 18:19:42'),(94,23,'2008-04-26 04:57:03'),(94,54,'1994-02-26 15:26:56'),(95,40,'2003-11-23 12:41:26'),(96,1,'1979-06-06 16:38:21'),(96,92,'2017-07-30 19:07:13'),(97,64,'1991-01-14 09:17:30'),(98,76,'1971-07-25 01:29:42'),(99,30,'1989-02-12 18:54:38'),(99,78,'1994-08-06 11:03:43'),(100,10,'1977-06-25 03:00:04'),(100,12,'1989-03-18 23:44:12');
/*!40000 ALTER TABLE `communities_users` ENABLE KEYS */;
UNLOCK TABLES;

--
-- Table structure for table `friend_requests`
--

DROP TABLE IF EXISTS `friend_requests`;
/*!40101 SET @saved_cs_client     = @@character_set_client */;
/*!50503 SET character_set_client = utf8mb4 */;
CREATE TABLE `friend_requests` (
  `from_user_id` bigint unsigned NOT NULL,
  `to_user_id` bigint unsigned NOT NULL,
  `accepted` tinyint(1) DEFAULT '0',
  PRIMARY KEY (`from_user_id`,`to_user_id`),
  KEY `fk_friend_requests_from_user_idx` (`from_user_id`),
  KEY `fk_friend_requests_to_user_idx` (`to_user_id`),
  CONSTRAINT `fk_friend_requests_users_1` FOREIGN KEY (`from_user_id`) REFERENCES `users` (`id`),
  CONSTRAINT `fk_friend_requests_users_2` FOREIGN KEY (`to_user_id`) REFERENCES `users` (`id`)
) ENGINE=InnoDB DEFAULT CHARSET=utf8mb3 COLLATE=utf8_unicode_ci;
/*!40101 SET character_set_client = @saved_cs_client */;

--
-- Dumping data for table `friend_requests`
--

LOCK TABLES `friend_requests` WRITE;
/*!40000 ALTER TABLE `friend_requests` DISABLE KEYS */;
INSERT INTO `friend_requests` VALUES (2,30,1),(2,61,0),(3,95,1),(4,13,1),(5,4,1),(5,83,1),(7,8,0),(8,23,0),(8,86,1),(9,39,0),(9,93,0),(10,22,0),(12,94,0),(15,67,1),(16,84,0),(17,64,0),(18,87,0),(19,96,0),(20,17,0),(20,85,0),(21,67,0),(22,40,1),(22,73,1),(23,7,0),(23,28,0),(23,53,1),(25,49,1),(25,62,1),(25,73,1),(26,75,0),(27,10,0),(27,86,1),(29,6,0),(29,11,1),(30,27,1),(32,50,1),(35,38,0),(37,46,0),(37,84,0),(38,52,0),(41,83,0),(44,22,0),(46,1,0),(46,9,0),(49,42,0),(49,98,1),(51,1,0),(51,39,0),(51,58,0),(52,29,1),(55,36,0),(56,11,0),(56,70,0),(57,73,1),(58,53,1),(58,70,0),(60,38,0),(60,79,0),(61,26,1),(61,67,1),(62,17,0),(63,2,1),(64,13,0),(65,21,1),(66,27,1),(69,5,0),(70,39,1),(71,50,1),(72,25,1),(75,34,0),(76,24,0),(77,68,1),(78,12,1),(79,5,0),(79,9,1),(79,49,1),(79,87,1),(83,74,0),(83,87,0),(83,99,1),(85,73,1),(87,50,1),(89,27,0),(89,36,0),(90,25,1),(91,73,0),(92,37,0),(92,70,0),(93,79,1),(96,38,0),(96,52,0),(97,33,1),(98,81,1),(98,82,0),(98,84,1),(99,22,1),(99,24,0);
/*!40000 ALTER TABLE `friend_requests` ENABLE KEYS */;
UNLOCK TABLES;

--
-- Table structure for table `media`
--

DROP TABLE IF EXISTS `media`;
/*!40101 SET @saved_cs_client     = @@character_set_client */;
/*!50503 SET character_set_client = utf8mb4 */;
CREATE TABLE `media` (
  `id` bigint unsigned NOT NULL AUTO_INCREMENT,
  `user_id` bigint unsigned NOT NULL,
  `media_types_id` int unsigned NOT NULL,
  `file_name` varchar(245) CHARACTER SET utf8 COLLATE utf8_unicode_ci DEFAULT NULL COMMENT '/files/folder/img.png',
  `file_size` bigint DEFAULT NULL,
  `created_at` datetime NOT NULL DEFAULT CURRENT_TIMESTAMP,
  PRIMARY KEY (`id`),
  KEY `fk_media_users_idx` (`user_id`),
  KEY `fk_media_media_types` (`media_types_id`),
  CONSTRAINT `fk_media_media_types` FOREIGN KEY (`media_types_id`) REFERENCES `media_types` (`id`),
  CONSTRAINT `fk_media_users` FOREIGN KEY (`user_id`) REFERENCES `users` (`id`)
) ENGINE=InnoDB AUTO_INCREMENT=101 DEFAULT CHARSET=utf8mb3 COLLATE=utf8_unicode_ci;
/*!40101 SET character_set_client = @saved_cs_client */;

--
-- Dumping data for table `media`
--

LOCK TABLES `media` WRITE;
/*!40000 ALTER TABLE `media` DISABLE KEYS */;
INSERT INTO `media` VALUES (1,1,1,'media/fb5e5c732943406fe849b5ddbb18bc67.jpg',0,'1976-12-17 13:15:21'),(2,2,2,'media/1282c21a027d8830202b6df2dd1a5f3b.jpg',0,'1987-06-10 17:12:18'),(3,3,3,'media/b4966acb303c35b543f24c0149ddb555.jpg',0,'1984-10-31 18:23:13'),(4,4,4,'media/35caf8d0b2e314a698f5809a8ae36fa1.jpg',0,'1978-02-13 09:35:18'),(5,5,1,'media/f5198aa387fc56c2aa1841c641246fac.jpg',0,'2015-03-21 22:16:07'),(6,6,2,'media/eda533bb9078317739e207ab1a74fa31.jpg',0,'2002-08-25 07:00:49'),(7,7,3,'media/8191204cd938eca3b285fad3277bd2cf.jpg',0,'1997-10-16 02:53:55'),(8,8,4,'media/c6b46e6ad7c81ca7eb178f31807284bb.jpg',0,'1988-05-07 02:52:48'),(9,9,1,'media/ff693c58fa15718d6f9adcff703bb277.jpg',0,'2004-03-28 21:58:11'),(10,10,2,'media/64e4e215487846a609c955acfd938ad3.jpg',0,'2012-01-17 23:32:12'),(11,11,3,'media/7cf84a48e54733b0e34daa9772dea769.jpg',0,'1995-01-28 18:00:09'),(12,12,4,'media/b9f415a99b12db0a9a10ce24ad7be25d.jpg',0,'1976-07-05 03:08:47'),(13,13,1,'media/f1e4457d42e6ab3691b6a102fa88b731.jpg',0,'1980-05-17 12:21:30'),(14,14,2,'media/aae3aa9bb1b3e8aff65efb7980c75862.jpg',0,'1983-01-20 17:10:33'),(15,15,3,'media/04ce398a200836fe3e52962429e1dd1b.jpg',0,'2004-02-07 11:58:36'),(16,16,4,'media/fdbb60f900bb04578a6bc5120c6054ae.jpg',0,'1971-06-18 12:40:01'),(17,17,1,'media/d29a88d6d91dbd4234cc647d1efd00ca.jpg',0,'1997-11-07 00:44:40'),(18,18,2,'media/3e6c00356190f316189801bb604562db.jpg',0,'2011-05-20 09:26:40'),(19,19,3,'media/aae4591d64ade852038d6222ab284a49.jpg',0,'2004-09-23 00:39:37'),(20,20,4,'media/dfc1ef9ccec1d205f2502e573d67c08e.jpg',0,'1990-05-06 18:44:56'),(21,21,1,'media/083ee6dd3e4fe6c5f8be60b864eb72fe.jpg',0,'2012-04-29 04:58:59'),(22,22,2,'media/f9315fb2751dd9d518166ae3a3605302.jpg',0,'1970-06-06 05:55:11'),(23,23,3,'media/f4a0afb96acf0a7de567cf003085d2f8.jpg',0,'1995-02-27 23:19:22'),(24,24,4,'media/4a84cbe6b1af607c7fe5b23f93c9a459.jpg',0,'1998-06-06 09:21:58'),(25,25,1,'media/f16f641a4745ab5dfb14cbae2f5739ff.jpg',0,'2016-12-12 18:02:58'),(26,26,2,'media/58d6c68b5c563394feec00f4f7c3aeb8.jpg',0,'1991-12-12 12:28:24'),(27,27,3,'media/19d3fb6438cb817088acc66b5a8ce1ba.jpg',0,'1982-07-23 02:22:23'),(28,28,4,'media/49ca7ed72141901092eeb5d47ecda9e7.jpg',0,'1975-06-12 04:49:34'),(29,29,1,'media/9f81a3712156ea5d3e33b32edc19d305.jpg',0,'2002-07-04 20:53:28'),(30,30,2,'media/a3327b0ac12591a85a8c98f64c254991.jpg',0,'1991-03-12 07:56:35'),(31,31,3,'media/87512488252e6189caebd9a2f34b7faf.jpg',0,'2000-01-21 19:28:25'),(32,32,4,'media/d715813ba51a28cb5845fe967d190c18.jpg',0,'2008-10-07 16:47:41'),(33,33,1,'media/67e274969ee28d20c26d6fd9884427d2.jpg',0,'1995-03-14 09:32:09'),(34,34,2,'media/fefea82d99c78f8bec107df6246c732f.jpg',0,'1976-06-01 07:43:27'),(35,35,3,'media/6f3f1696fe440b308deeec06ab931ab1.jpg',0,'2014-06-22 11:52:00'),(36,36,4,'media/fd69efdcd53e5cf6bbebdb3245680d17.jpg',0,'2009-02-15 03:08:28'),(37,37,1,'media/1097c5a3c206055f94f326a5fc7eb406.jpg',0,'1981-10-20 12:27:47'),(38,38,2,'media/c5ba4e6220182288eaa4ad62b02d2eb0.jpg',0,'1986-05-03 17:49:36'),(39,39,3,'media/3ebf91147535d7a0eba0da0a6a7e0b3e.jpg',0,'1976-12-16 07:14:34'),(40,40,4,'media/e76f7d3a91665689945eec2ac77b44cc.jpg',0,'2013-01-02 12:14:48'),(41,41,1,'media/f0a729d21c3b36ebb8d6c6d700b76b8c.jpg',0,'1972-01-10 20:46:36'),(42,42,2,'media/0231ebc4406e2d2f3d8fe6aaf0b6aeaf.jpg',0,'1980-10-17 18:32:08'),(43,43,3,'media/4bc11b43e11656381b0ac1aedf9964d6.jpg',0,'2004-06-16 12:16:13'),(44,44,4,'media/4dcda297770e1c70bd13ddd02ae667b1.jpg',0,'1974-05-20 04:41:10'),(45,45,1,'media/20c597a95fc5ba14a4cd6c19e3e27460.jpg',0,'1995-07-10 11:01:47'),(46,46,2,'media/1896177a29ee886a1e925ad7b37096c2.jpg',0,'2017-08-17 01:35:14'),(47,47,3,'media/668466762f041d0ba5e7bcfac07dbf17.jpg',0,'2021-04-24 11:19:45'),(48,48,4,'media/4f222b03f2f858c0bc60cec1d73fe14f.jpg',0,'1983-12-07 12:01:56'),(49,49,1,'media/763b23992e0e72d05f2e815fca207106.jpg',0,'1990-05-07 20:47:09'),(50,50,2,'media/c6ae24187f757d2c49efacacfc52fd02.jpg',0,'2008-01-31 00:16:45'),(51,51,3,'media/27541216bd99e3422516d704af1d0b52.jpg',0,'1993-03-06 19:24:43'),(52,52,4,'media/e41bbd7e3a063fb6d7f4d0f878a4a28d.jpg',0,'2019-07-01 07:43:33'),(53,53,1,'media/77e2ef12e3cb5b0767425b58695ac15b.jpg',0,'2000-06-09 17:41:15'),(54,54,2,'media/65ad6ee3d26b5f0a2e6ca58b1693c7f1.jpg',0,'1999-09-10 08:44:20'),(55,55,3,'media/00d1e8ab44d25f70cab063792e47071c.jpg',0,'2003-10-11 09:52:54'),(56,56,4,'media/cb562e02a06fe66fd69ccc71a833549b.jpg',0,'1983-03-20 08:15:33'),(57,57,1,'media/ad0c6a69025ff32597f8e667976a588a.jpg',0,'2000-04-22 03:29:24'),(58,58,2,'media/9006fda1d02c635f840424937e14cc32.jpg',0,'2019-09-18 18:58:12'),(59,59,3,'media/2eb8af062526bc924cc22c2a20cfb9ab.jpg',0,'2006-06-30 06:21:59'),(60,60,4,'media/438564435c4225b38fb3e2c9a172ae04.jpg',0,'1973-12-19 03:57:27'),(61,61,1,'media/5a3be4c7570e55a16a88519158b59d6f.jpg',0,'1981-07-03 19:17:36'),(62,62,2,'media/1ccfda5dab5abf682f619b8e561cf70c.jpg',0,'1981-08-14 12:18:10'),(63,63,3,'media/aa2d3c92cc98e9df25df512ee322a555.jpg',0,'1975-02-07 15:31:21'),(64,64,4,'media/76f08197b8a71dd51464a822728db853.jpg',0,'1990-12-03 23:48:41'),(65,65,1,'media/c61913488306cbc9c4dbd6f4a6a65555.jpg',0,'2003-01-01 14:51:19'),(66,66,2,'media/64dc7f667a4666c4c3299dbd68095826.jpg',0,'2001-01-12 13:40:03'),(67,67,3,'media/8c922fe6327a772aa4ce78d3b07393f8.jpg',0,'1997-06-18 21:45:16'),(68,68,4,'media/0568a0a4eb45afa70bffda42f5e92d22.jpg',0,'2003-02-26 21:43:31'),(69,69,1,'media/96833dbe945347ca3b67eceeebb9c7ac.jpg',0,'1993-10-30 09:11:48'),(70,70,2,'media/423743fd32997efeaf2cb90fb4d36fe4.jpg',0,'2019-03-30 10:33:15'),(71,71,3,'media/b72d52a613d3bdca285bc9f658d72762.jpg',0,'1980-11-24 22:15:31'),(72,72,4,'media/cb569fefb49472a5fad9b5e1aa5ad408.jpg',0,'1989-07-01 08:14:14'),(73,73,1,'media/ffbde521c3f06e2d77056bec607a2aac.jpg',0,'1979-03-01 13:53:19'),(74,74,2,'media/4303695f708de7792376ba3ebfcd3a74.jpg',0,'1982-07-10 03:11:52'),(75,75,3,'media/a55bf6cac4a6070899e666525551640e.jpg',0,'1984-12-16 18:38:55'),(76,76,4,'media/b936b5b2d9da8535f3dd0a2a11778a0d.jpg',0,'1991-08-20 03:07:29'),(77,77,1,'media/448e64f0eff77e14972b2102cfb6ef5f.jpg',0,'1981-01-14 01:54:39'),(78,78,2,'media/2ce83be7b872314f75af22d6daa9a019.jpg',0,'1971-07-02 22:53:56'),(79,79,3,'media/e7377c9d294deb46f564b59c743062dc.jpg',0,'1995-11-13 08:42:22'),(80,80,4,'media/958a564d18f670edca4ec899e32f476f.jpg',0,'2006-04-02 06:37:30'),(81,81,1,'media/a5a4c29ededa5ad4a7705bff23620f60.jpg',0,'1979-12-02 08:02:26'),(82,82,2,'media/5253a9d43118b0c160fda06452782405.jpg',0,'2007-03-21 02:58:10'),(83,83,3,'media/25622dcba8f529b5d8d62b118cc0ef1a.jpg',0,'1985-10-03 11:15:39'),(84,84,4,'media/a806126545f1eef350b2d8ea43566f51.jpg',0,'2004-07-22 20:29:14'),(85,85,1,'media/a2ccd2da8f100e612582ba5252b1b343.jpg',0,'1981-11-12 03:12:19'),(86,86,2,'media/961d69274f783b89e2a3264b55b31a72.jpg',0,'2000-08-28 05:49:06'),(87,87,3,'media/c18d8372aca070c4b6abe29711a23f28.jpg',0,'1972-12-30 04:25:22'),(88,88,4,'media/c489c61a69fd6c4eca09142240929624.jpg',0,'2018-06-08 05:38:58'),(89,89,1,'media/5bea3e0149319091dceffbc80bd98f9b.jpg',0,'1986-05-19 20:30:01'),(90,90,2,'media/54ea0b5227c61fc4592253eda00b2104.jpg',0,'1993-05-11 03:02:15'),(91,91,3,'media/5626803773931e9ebe340f226f71e7af.jpg',0,'1973-05-07 01:07:45'),(92,92,4,'media/05815ef063f15f7ba36551227a54f1fb.jpg',0,'1982-04-04 09:58:48'),(93,93,1,'media/84c653457e2c23d134e18328a2bdb590.jpg',0,'2007-03-10 14:23:35'),(94,94,2,'media/1097b87da0173a6fde05282b0fa3fc71.jpg',0,'1970-07-01 08:58:33'),(95,95,3,'media/776c6d71b0015e9e7494dab3cf804b2d.jpg',0,'2013-07-09 00:50:54'),(96,96,4,'media/7591531aee1cea59bc39a5fdba66aa26.jpg',0,'2015-05-05 07:46:59'),(97,97,1,'media/98b822123ee116261be7806f5a6f98a5.jpg',0,'2020-07-30 07:21:48'),(98,98,2,'media/3e3e0f4a9087329ab36fba4cc3123d8d.jpg',0,'1987-12-26 23:55:35'),(99,99,3,'media/0f7c1e4ba5f9f61f8384f9a9b03022df.jpg',0,'1996-05-09 14:47:22'),(100,100,4,'media/d7cee81e003365b4298b16310d777e94.jpg',0,'2013-12-05 11:11:06');
/*!40000 ALTER TABLE `media` ENABLE KEYS */;
UNLOCK TABLES;

--
-- Table structure for table `media_types`
--

DROP TABLE IF EXISTS `media_types`;
/*!40101 SET @saved_cs_client     = @@character_set_client */;
/*!50503 SET character_set_client = utf8mb4 */;
CREATE TABLE `media_types` (
  `id` int unsigned NOT NULL AUTO_INCREMENT,
  `name` varchar(45) CHARACTER SET utf8 COLLATE utf8_unicode_ci NOT NULL,
  PRIMARY KEY (`id`),
  UNIQUE KEY `name` (`name`)
) ENGINE=InnoDB AUTO_INCREMENT=5 DEFAULT CHARSET=utf8mb3 COLLATE=utf8_unicode_ci;
/*!40101 SET character_set_client = @saved_cs_client */;

--
-- Dumping data for table `media_types`
--

LOCK TABLES `media_types` WRITE;
/*!40000 ALTER TABLE `media_types` DISABLE KEYS */;
INSERT INTO `media_types` VALUES (2,'audio'),(4,'document'),(1,'image'),(3,'video');
/*!40000 ALTER TABLE `media_types` ENABLE KEYS */;
UNLOCK TABLES;

--
-- Table structure for table `messages`
--

DROP TABLE IF EXISTS `messages`;
/*!40101 SET @saved_cs_client     = @@character_set_client */;
/*!50503 SET character_set_client = utf8mb4 */;
CREATE TABLE `messages` (
  `id` bigint unsigned NOT NULL AUTO_INCREMENT,
  `from_user_id` bigint unsigned NOT NULL,
  `to_user_id` bigint unsigned NOT NULL,
  `txt` text CHARACTER SET utf8 COLLATE utf8_unicode_ci NOT NULL,
  `is_delivered` tinyint(1) DEFAULT '0',
  `created_at` datetime NOT NULL DEFAULT CURRENT_TIMESTAMP,
  `update_at` datetime DEFAULT NULL ON UPDATE CURRENT_TIMESTAMP,
  PRIMARY KEY (`id`),
  KEY `fk_messages_from_user_idx` (`from_user_id`),
  KEY `fk_messages_to_user_idx` (`to_user_id`),
  CONSTRAINT `fk_messages_users_1` FOREIGN KEY (`from_user_id`) REFERENCES `users` (`id`),
  CONSTRAINT `fk_messages_users_2` FOREIGN KEY (`to_user_id`) REFERENCES `users` (`id`)
) ENGINE=InnoDB AUTO_INCREMENT=101 DEFAULT CHARSET=utf8mb3 COLLATE=utf8_unicode_ci;
/*!40101 SET character_set_client = @saved_cs_client */;

--
-- Dumping data for table `messages`
--

LOCK TABLES `messages` WRITE;
/*!40000 ALTER TABLE `messages` DISABLE KEYS */;
INSERT INTO `messages` VALUES (1,87,64,'Mock Turtle: \'why, if a fish came to the door, and knocked. \'There\'s no sort of meaning in it,\' said Alice very meekly: \'I\'m growing.\' \'You\'ve no right to grow here,\' said the Duchess: \'what a clear.',1,'1990-05-06 01:06:24','1987-03-31 21:04:23'),(2,81,6,'Bill\'s place for a minute or two sobs choked his voice. \'Same as if she meant to take out of the soldiers did. After these came the guests, mostly Kings and Queens, and among them Alice recognised.',0,'2019-10-26 10:03:52','1973-03-19 00:57:52'),(3,64,69,'Him, and ourselves, and it. Don\'t let him know she liked them best, For this must be Mabel after all, and I don\'t think,\' Alice went on, very much confused, \'I don\'t know what they\'re like.\' \'I.',0,'2000-04-24 09:02:09','1997-01-02 14:53:13'),(4,39,38,'MUST be more to come, so she felt that there was nothing so VERY remarkable in that; nor did Alice think it would not open any of them. However, on the table. \'Nothing can be clearer than THAT. Then.',1,'2018-12-16 22:39:57','1984-01-05 19:21:34'),(5,97,27,'Caterpillar. \'I\'m afraid I\'ve offended it again!\' For the Mouse was speaking, so that by the prisoner to--to somebody.\' \'It must be shutting up like telescopes: this time with one elbow against the.',0,'1999-01-15 06:14:11','2014-03-02 04:07:23'),(6,8,2,'I shall only look up in a great crash, as if a dish or kettle had been to the Cheshire Cat sitting on a branch of a well--\' \'What did they draw?\' said Alice, in a minute. Alice began to repeat it,.',1,'2006-12-29 20:06:20','2005-06-05 04:53:29'),(7,41,86,'Alice took up the fan and a Canary called out \'The Queen! The Queen!\' and the pool a little shaking among the trees upon her arm, and timidly said \'Consider, my dear: she is only a mouse that had a.',1,'1998-12-07 06:29:12','1988-07-16 12:37:07'),(8,66,6,'I do hope it\'ll make me larger, it must be off, and had been jumping about like that!\' \'I couldn\'t help it,\' said Alice, who was beginning to get us dry would be quite as much as she spoke; \'either.',0,'2013-08-26 01:39:16','1980-08-17 15:47:49'),(9,62,27,'THAT in a large mustard-mine near here. And the executioner myself,\' said the Dodo, pointing to the jury, in a tone of great relief. \'Now at OURS they had at the sides of it; then Alice dodged.',0,'1998-12-15 21:26:22','2004-01-12 02:35:53'),(10,48,47,'I chose,\' the Duchess began in a furious passion, and went on again:-- \'I didn\'t mean it!\' pleaded poor Alice. \'But you\'re so easily offended, you know!\' The Mouse gave a little more conversation.',1,'1991-09-23 15:18:33','1983-04-16 11:00:30'),(11,89,58,'Mock Turtle Soup is made from,\' said the King, \'that saves a world of trouble, you know, and he called the Queen, and Alice looked very anxiously into her head. Still she went to work at once and.',0,'2005-11-01 01:14:16','1978-11-07 17:02:12'),(12,58,74,'Mouse\'s tail; \'but why do you want to be?\' it asked. \'Oh, I\'m not looking for them, but they all crowded round it, panting, and asking, \'But who has won?\' This question the Dodo managed it.) First.',0,'1993-09-07 10:35:49','1975-07-02 23:13:26'),(13,41,92,'I suppose it were white, but there was a general chorus of voices asked. \'Why, SHE, of course,\' the Gryphon remarked: \'because they lessen from day to day.\' This was not going to say,\' said the.',0,'1989-10-18 21:41:37','1987-08-04 11:01:19'),(14,24,33,'ARE a simpleton.\' Alice did not at all this time, and was in such a very curious to know when the race was over. However, when they had to stop and untwist it. After a minute or two, it was the.',1,'1987-08-07 07:55:36','1990-01-26 13:53:27'),(15,90,78,'March Hare, who had meanwhile been examining the roses. \'Off with his whiskers!\' For some minutes the whole head appeared, and then sat upon it.) \'I\'m glad they don\'t give birthday presents like.',1,'1983-12-21 11:15:16','1996-11-28 14:57:17'),(16,69,76,'Dormouse: \'not in that poky little house, on the breeze that followed them, the melancholy words:-- \'Soo--oop of the conversation. Alice felt a little three-legged table, all made of solid glass;.',0,'1984-07-12 13:18:20','1987-04-17 18:31:17'),(17,42,50,'Caterpillar. Alice said nothing: she had gone through that day. \'A likely story indeed!\' said the Lory, as soon as she wandered about for it, you may SIT down,\' the King put on your head-- Do you.',0,'2009-04-17 10:35:16','1988-04-22 18:44:33'),(18,81,5,'Twinkle, twinkle--\"\' Here the other side will make you a present of everything I\'ve said as yet.\' \'A cheap sort of meaning in it,\' said Alice very meekly: \'I\'m growing.\' \'You\'ve no right to grow.',0,'2001-05-31 20:13:24','2016-06-17 23:18:59'),(19,18,20,'The first thing she heard her voice close to her, one on each side to guard him; and near the entrance of the court and got behind Alice as she could, for the fan and the other queer noises, would.',1,'1982-06-13 19:50:50','1999-02-15 05:52:30'),(20,43,14,'Alice had no idea what to uglify is, you ARE a simpleton.\' Alice did not at all for any lesson-books!\' And so it was very glad she had someone to listen to her, \'if we had the door between us. For.',1,'2005-11-20 10:02:53','1991-09-01 13:40:12'),(21,47,50,'Cat in a minute, while Alice thought this a very deep well. Either the well was very deep, or she should push the matter with it. There was a most extraordinary noise going on rather better now,\'.',0,'1974-01-07 08:39:36','1981-08-01 05:25:49'),(22,15,87,'Alice, \'to pretend to be otherwise.\"\' \'I think I can do no more, whatever happens. What WILL become of you? I gave her answer. \'They\'re done with a smile. There was a treacle-well.\' \'There\'s no sort.',1,'1988-01-16 12:29:20','2010-01-12 10:16:56'),(23,35,80,'Don\'t be all day to day.\' This was not a moment to be no chance of her head struck against the roof was thatched with fur. It was high time you were INSIDE, you might knock, and I had our Dinah.',0,'2013-08-02 02:26:38','1987-04-09 10:14:03'),(24,93,97,'Gryphon is, look at the thought that it was very deep, or she fell past it. \'Well!\' thought Alice to find it out, we should all have our heads cut off, you know. Come on!\' So they couldn\'t get them.',0,'2019-03-10 12:04:16','2006-06-18 05:42:47'),(25,6,41,'But at any rate, the Dormouse shook itself, and was looking at Alice for some way of escape, and wondering whether she could even make out exactly what they said. The executioner\'s argument was,.',0,'2013-09-12 04:16:24','2017-06-25 19:49:14'),(26,44,95,'Alice went on eagerly: \'There is such a thing as \"I sleep when I was a real nose; also its eyes again, to see anything; then she heard was a long sleep you\'ve had!\' \'Oh, I\'ve had such a simple.',0,'1997-01-31 12:21:24','1995-01-29 14:11:33'),(27,98,2,'Alice remarked. \'Right, as usual,\' said the Dodo replied very politely, \'for I can\'t tell you how it was a sound of many footsteps, and Alice was rather doubtful whether she ought to have got.',1,'1994-08-26 17:58:49','1970-03-20 02:13:46'),(28,68,39,'Alice to herself, for this curious child was very glad to do with you. Mind now!\' The poor little feet, I wonder if I shall have some fun now!\' thought Alice. \'I\'m a--I\'m a--\' \'Well! WHAT are you?\'.',1,'1998-11-02 20:45:26','1999-12-20 07:23:59'),(29,93,92,'Gryphon remarked: \'because they lessen from day to such stuff? Be off, or I\'ll kick you down stairs!\' \'That is not said right,\' said the Duchess; \'and that\'s a fact.\' Alice did not seem to have the.',0,'2017-04-14 02:00:24','1986-02-24 22:09:51'),(30,71,83,'Cat\'s head began fading away the moment they saw the Mock Turtle. \'Very much indeed,\' said Alice. \'Off with his head!\' she said, \'than waste it in asking riddles that have no idea what a delightful.',1,'1977-01-18 10:20:23','1984-06-21 16:36:40'),(31,70,40,'Knave was standing before them, in chains, with a growl, And concluded the banquet--] \'What IS the same side of the Mock Turtle with a bound into the garden at once; but, alas for poor Alice! when.',1,'1978-08-07 06:19:09','1997-03-12 18:03:00'),(32,58,11,'I\'m not looking for eggs, as it is.\' \'I quite agree with you,\' said Alice, swallowing down her anger as well as she was near enough to drive one crazy!\' The Footman seemed to her full size by this.',0,'2012-10-19 05:27:54','1981-03-06 18:05:35'),(33,89,39,'Alice panted as she went on, \'and most things twinkled after that--only the March Hare. Alice was very like having a game of croquet she was now about two feet high, and she was about a whiting.',1,'2006-03-31 23:46:23','1984-10-01 14:46:33'),(34,16,6,'And when I got up very sulkily and crossed over to herself, and began bowing to the Classics master, though. He was an immense length of neck, which seemed to be found: all she could not remember.',0,'2003-03-26 00:59:52','1987-11-01 23:48:41'),(35,58,59,'Alice whispered to the Cheshire Cat: now I shall ever see you any more!\' And here poor Alice began to cry again, for this curious child was very like a candle. I wonder if I might venture to ask the.',1,'1972-08-09 23:24:52','1987-10-06 06:06:22'),(36,20,4,'When she got into the air. She did not at all for any lesson-books!\' And so she began looking at it uneasily, shaking it every now and then; such as, that a moment\'s pause. The only things in the.',0,'1993-04-16 11:10:15','1980-03-15 16:59:07'),(37,8,34,'They all returned from him to you, Though they were all ornamented with hearts. Next came the guests, mostly Kings and Queens, and among them Alice recognised the White Rabbit, with a teacup in one.',0,'2021-06-24 19:05:42','1978-10-22 14:47:25'),(38,91,43,'When the pie was all about, and called out, \'Sit down, all of you, and must know better\'; and this was the first day,\' said the King. \'I can\'t explain MYSELF, I\'m afraid, sir\' said Alice, \'we.',0,'2013-11-19 23:07:15','1970-10-26 23:41:55'),(39,14,83,'Then it got down off the mushroom, and her face in her brother\'s Latin Grammar, \'A mouse--of a mouse--to a mouse--a mouse--O mouse!\') The Mouse did not notice this last remark that had a head unless.',0,'1997-07-12 12:49:16','1977-12-15 14:55:24'),(40,40,19,'WHAT?\' said the Lory, as soon as there seemed to rise like a candle. I wonder what they\'ll do next! As for pulling me out of sight, he said in a game of play with a teacup in one hand, and made.',0,'2005-12-31 10:01:01','1991-06-28 19:16:06'),(41,23,83,'This did not come the same thing a Lobster Quadrille is!\' \'No, indeed,\' said Alice. \'I\'ve read that in the kitchen. \'When I\'M a Duchess,\' she said to herself, \'to be going messages for a great.',1,'1992-03-16 05:55:45','2016-11-07 11:47:55'),(42,14,21,'King: \'leave out that part.\' \'Well, at any rate I\'ll never go THERE again!\' said Alice to herself. \'Of the mushroom,\' said the Dormouse; \'VERY ill.\' Alice tried to look through into the sky all the.',0,'1988-05-23 06:27:51','2014-10-24 08:11:50'),(43,85,81,'Alice, a little animal (she couldn\'t guess of what sort it was) scratching and scrambling about in the window, she suddenly spread out her hand in hand with Dinah, and saying to herself as she could.',1,'1991-07-19 20:13:56','2015-01-29 21:35:48'),(44,59,77,'For anything tougher than suet; Yet you turned a corner, \'Oh my ears and the words have got in as well,\' the Hatter went on, turning to Alice, and looking at it gloomily: then he dipped it into one.',1,'2018-06-18 06:11:25','1994-06-11 17:52:55'),(45,72,30,'And it\'ll fetch things when you have to ask them what the flame of a candle is like after the others. \'Are their heads downward! The Antipathies, I think--\' (for, you see, as they used to it in a.',1,'1996-08-20 00:41:58','2000-07-04 02:49:31'),(46,60,42,'Alice, feeling very glad to do next, when suddenly a White Rabbit put on one of the way down one side and then hurried on, Alice started to her great disappointment it was all ridges and furrows;.',0,'2020-08-04 07:50:39','2006-04-17 12:47:36'),(47,70,17,'It was high time you were down here with me! There are no mice in the distance, screaming with passion. She had quite a long argument with the lobsters to the jury, and the King very decidedly, and.',1,'2019-02-09 12:51:20','1985-07-28 16:09:01'),(48,52,58,'Soo--oop! Beau--ootiful Soo--oop! Beau--ootiful Soo--oop! Soo--oop of the leaves: \'I should think it would be quite as safe to stay in here any longer!\' She waited for a minute or two she stood.',0,'1984-10-03 01:41:14','1984-07-10 20:29:25'),(49,56,68,'Alice: \'allow me to him: She gave me a pair of the court. All this time the Mouse to tell them something more. \'You promised to tell its age, there was a child,\' said the March Hare said in a.',1,'1984-12-29 23:15:20','1984-05-10 00:10:05'),(50,64,14,'I can\'t quite follow it as she could. \'The Dormouse is asleep again,\' said the Mouse, in a low curtain she had nibbled some more bread-and-butter--\' \'But what am I to do with this creature when I.',1,'1983-12-24 16:15:55','2013-01-17 11:28:54'),(51,27,83,'So she set to work at once in her head, and she went on in a confused way, \'Prizes! Prizes!\' Alice had no reason to be in Bill\'s place for a moment like a tunnel for some way, and nothing seems to.',0,'1973-12-04 20:11:08','1980-06-23 11:15:16'),(52,17,34,'Never heard of one,\' said Alice, a little startled by seeing the Cheshire Cat: now I shall have to turn round on its axis--\' \'Talking of axes,\' said the Queen. \'I haven\'t the slightest idea,\' said.',1,'2011-10-21 09:09:32','2005-04-12 13:45:48'),(53,17,8,'For, you see, Miss, we\'re doing our best, afore she comes, to--\' At this the whole thing very absurd, but they began running about in a natural way again. \'I should think you can find out the words:.',1,'2013-02-10 09:44:46','1984-07-09 17:13:26'),(54,77,30,'Alice again. \'No, I give it up,\' Alice replied: \'what\'s the answer?\' \'I haven\'t the slightest idea,\' said the Mouse, getting up and repeat \"\'TIS THE VOICE OF THE SLUGGARD,\"\' said the Hatter, \'when.',1,'1987-08-07 01:01:04','2020-09-06 03:18:18'),(55,91,16,'Where CAN I have dropped them, I wonder?\' Alice guessed in a tone of this remark, and thought to herself, as she had asked it aloud; and in his confusion he bit a large pool all round her, calling.',1,'2002-03-24 18:27:20','1995-12-03 06:21:58'),(56,49,13,'It was opened by another footman in livery came running out of breath, and till the Pigeon went on, \'if you don\'t even know what \"it\" means well enough, when I breathe\"!\' \'It IS a long and a long.',1,'1993-06-19 01:23:20','2019-11-19 11:09:23'),(57,99,62,'But they HAVE their tails in their proper places--ALL,\' he repeated with great emphasis, looking hard at Alice for some time without interrupting it. \'They were obliged to say \'I once tasted--\' but.',0,'1988-10-13 02:22:49','1984-08-23 08:07:51'),(58,34,83,'That\'s all.\' \'Thank you,\' said the last concert!\' on which the March Hare said--\' \'I didn\'t!\' the March Hare and the soldiers did. After these came the guests, mostly Kings and Queens, and among.',1,'2007-02-09 18:34:41','2008-11-03 09:56:30'),(59,43,93,'Queen\'s ears--\' the Rabbit say, \'A barrowful of WHAT?\' thought Alice; \'but when you throw them, and the baby--the fire-irons came first; then followed a shower of little Alice herself, and fanned.',1,'1974-11-01 16:37:49','1970-04-12 05:51:33'),(60,60,15,'Alice heard it before,\' said the Gryphon: \'I went to the Hatter. Alice felt dreadfully puzzled. The Hatter\'s remark seemed to think about stopping herself before she got to the Mock Turtle; \'but it.',1,'1998-11-07 01:19:21','2008-06-08 07:29:27'),(61,22,19,'This was not an encouraging opening for a few minutes it puffed away without speaking, but at last turned sulky, and would only say, \'I am older than you, and must know better\'; and this was his.',0,'1996-12-26 06:39:06','1998-04-14 10:34:06'),(62,56,92,'The great question is, Who in the direction in which case it would like the look of things at all, as the hall was very hot, she kept fanning herself all the players, except the Lizard, who seemed.',1,'2000-12-10 20:04:16','1977-11-29 08:17:58'),(63,35,8,'I was going on within--a constant howling and sneezing, and every now and then all the rest waited in silence. Alice noticed with some difficulty, as it can\'t possibly make me larger, it must make.',0,'1982-09-16 14:25:59','2016-01-21 01:36:58'),(64,49,91,'March.\' As she said this, she looked down at them, and then turned to the table for it, he was speaking, and this he handed over to herself, as she could, and waited to see what would happen next..',1,'2000-05-20 03:46:39','1982-12-27 06:46:26'),(65,76,13,'VERY short remarks, and she jumped up in a trembling voice, \'Let us get to the Mock Turtle, capering wildly about. \'Change lobsters again!\' yelled the Gryphon repeated impatiently: \'it begins \"I.',0,'2009-03-23 21:54:56','1983-01-08 13:56:31'),(66,4,2,'MARMALADE\', but to get very tired of being all alone here!\' As she said to herself, \'it would have appeared to them to be in Bill\'s place for a dunce? Go on!\' \'I\'m a poor man, your Majesty,\' said.',0,'2013-06-27 18:23:51','1974-09-06 16:37:01'),(67,96,21,'I tell you, you coward!\' and at once to eat or drink under the hedge. In another moment it was sneezing and howling alternately without a moment\'s delay would cost them their lives. All the time it.',1,'1998-04-01 10:58:25','1974-05-10 10:04:37'),(68,36,13,'Alice soon began talking to herself, in a whisper.) \'That would be offended again. \'Mine is a raven like a mouse, you know. Come on!\' So they couldn\'t get them out again. Suddenly she came upon a.',0,'2015-05-20 18:12:44','1974-02-22 22:41:43'),(69,28,12,'Alice, and sighing. \'It IS a long breath, and said to Alice. \'What sort of circle, (\'the exact shape doesn\'t matter,\' it said,) and then said \'The fourth.\' \'Two days wrong!\' sighed the Hatter. \'Does.',1,'2017-12-26 22:40:44','2008-06-03 17:34:11'),(70,42,18,'ALL RETURNED FROM HIM TO YOU,\"\' said Alice. \'You must be,\' said the Queen. \'I never said I could shut up like a candle. I wonder what CAN have happened to me! When I used to say.\' \'So he did, so he.',0,'1997-06-10 07:19:53','1987-07-28 22:10:06'),(71,28,91,'CHAPTER VIII. The Queen\'s Croquet-Ground A large rose-tree stood near the centre of the ground, Alice soon began talking to herself, as well say,\' added the Queen. \'Never!\' said the Cat, \'if you.',1,'2006-02-10 14:13:18','1995-08-13 20:51:23'),(72,31,26,'Alice indignantly. \'Let me alone!\' \'Serpent, I say again!\' repeated the Pigeon, raising its voice to its feet, ran round the court and got behind him, and said anxiously to herself, as well say.',1,'2016-05-22 08:15:41','2015-02-11 16:04:20'),(73,53,65,'Alice: \'I don\'t like them!\' When the pie was all about, and called out, \'Sit down, all of them didn\'t know that Cheshire cats always grinned; in fact, I didn\'t know that Cheshire cats always.',1,'1998-03-03 07:24:10','2008-11-06 22:11:46'),(74,9,95,'CHORUS. (In which the March Hare. \'I didn\'t know it to the King, rubbing his hands; \'so now let the jury--\' \'If any one of the e--e--evening, Beautiful, beauti--FUL SOUP!\' \'Chorus again!\' cried the.',0,'1980-06-13 11:56:21','1985-07-05 05:14:13'),(75,57,68,'Gryphon said, in a tone of great relief. \'Call the next question is, what?\' The great question certainly was, what? Alice looked very anxiously into her eyes; and once she remembered how small she.',0,'1993-09-04 05:21:39','2005-05-23 11:14:44'),(76,10,79,'MUST be more to come, so she set to work shaking him and punching him in the distance. \'And yet what a Mock Turtle Soup is made from,\' said the King: \'leave out that the Queen shrieked out. \'Behead.',1,'1994-11-10 10:00:50','2015-08-22 14:51:47'),(77,86,65,'White Rabbit interrupted: \'UNimportant, your Majesty means, of course,\' he said to one of the guinea-pigs cheered, and was beating her violently with its legs hanging down, but generally, just as I.',0,'2004-10-23 21:12:46','1988-06-03 06:19:13'),(78,70,21,'Alice was so much surprised, that for two reasons. First, because I\'m on the floor, as it was neither more nor less than a pig, and she did not like to be seen--everything seemed to Alice for.',0,'1992-10-15 22:47:56','1976-01-16 00:48:17'),(79,73,19,'Dodo. Then they all moved off, and Alice guessed in a hot tureen! Who for such dainties would not give all else for two Pennyworth only of beautiful Soup? Pennyworth only of beautiful Soup?.',1,'2012-08-14 19:15:30','2015-09-07 09:53:49'),(80,11,48,'OUTSIDE.\' He unfolded the paper as he came, \'Oh! the Duchess, as she was not even room for her. \'I can hardly breathe.\' \'I can\'t explain MYSELF, I\'m afraid, sir\' said Alice, a little quicker. \'What.',1,'2014-03-29 02:25:21','2001-08-17 02:31:05'),(81,32,14,'YET,\' she said aloud. \'I shall be a footman because he taught us,\' said the King: \'leave out that it seemed quite natural to Alice severely. \'What are tarts made of?\' \'Pepper, mostly,\' said the.',1,'2019-09-05 16:58:47','1980-12-11 15:23:11'),(82,49,28,'There was no label this time it all came different!\' Alice replied eagerly, for she had but to open her mouth; but she gained courage as she went on. Her listeners were perfectly quiet till she.',1,'2003-11-23 20:21:50','2015-01-17 18:13:22'),(83,35,85,'Alice, a good deal worse off than before, as the question was evidently meant for her. \'Yes!\' shouted Alice. \'Come on, then!\' roared the Queen, and in another minute there was nothing on it except a.',0,'1981-03-15 09:23:02','1992-11-19 14:36:41'),(84,40,62,'Hatter. \'I told you that.\' \'If I\'d been the right distance--but then I wonder what CAN have happened to me! I\'LL soon make you grow taller, and the little golden key in the air. Even the Duchess was.',0,'1984-07-21 05:32:36','2016-04-14 20:38:34'),(85,96,82,'I beg your pardon!\' cried Alice hastily, afraid that it seemed quite natural to Alice for some way of settling all difficulties, great or small. \'Off with her face in some alarm. This time there.',0,'1989-05-13 20:00:54','2002-11-02 23:00:41'),(86,80,24,'This time Alice waited patiently until it chose to speak good English); \'now I\'m opening out like the look of the officers: but the Hatter with a smile. There was a little shriek and a crash of.',0,'1993-11-29 19:00:49','1980-11-17 18:59:03'),(87,72,11,'And he got up this morning, but I can\'t understand it myself to begin with.\' \'A barrowful of WHAT?\' thought Alice; \'but a grin without a great many teeth, so she waited. The Gryphon lifted up both.',0,'2003-01-01 00:54:06','1977-03-03 13:27:02'),(88,50,25,'No, it\'ll never do to ask: perhaps I shall ever see you again, you dear old thing!\' said the Hatter: \'it\'s very easy to take the roof of the wood--(she considered him to you, Though they were mine.',0,'1974-01-18 21:38:24','1998-05-02 21:45:13'),(89,76,58,'Next came the guests, mostly Kings and Queens, and among them Alice recognised the White Rabbit with pink eyes ran close by it, and fortunately was just possible it had grown to her usual height. It.',1,'2013-12-26 09:39:58','2021-01-27 20:19:15'),(90,20,33,'All this time the Queen had only one way of nursing it, (which was to find herself talking familiarly with them, as if it had come to the Classics master, though. He was an old Turtle--we used to it.',0,'2016-12-21 16:01:49','1994-10-10 03:41:54'),(91,25,29,'Alice felt so desperate that she never knew so much about a whiting before.\' \'I can see you\'re trying to find that the poor child, \'for I never understood what it was the first minute or two the.',0,'2005-04-21 08:43:21','2012-11-10 09:14:51'),(92,11,10,'Dormouse,\' thought Alice; \'I daresay it\'s a set of verses.\' \'Are they in the distance would take the place of the house till she had read about them in books, and she grew no larger: still it was.',1,'2010-05-11 07:32:53','2020-03-19 20:28:27'),(93,93,81,'Dormouse was sitting on the top of it. She went in search of her own courage. \'It\'s no use denying it. I suppose Dinah\'ll be sending me on messages next!\' And she went on, \'you see, a dog growls.',1,'1998-01-01 02:20:28','2005-04-03 04:19:31'),(94,30,65,'I do,\' said Alice hastily; \'but I\'m not used to read fairy-tales, I fancied that kind of sob, \'I\'ve tried the roots of trees, and I\'ve tried banks, and I\'ve tried banks, and I\'ve tried hedges,\' the.',0,'1976-03-29 02:44:47','2002-12-07 10:45:18'),(95,100,41,'How the Owl and the party went back to the other queer noises, would change to tinkling sheep-bells, and the moon, and memory, and muchness--you know you say it.\' \'That\'s nothing to do.\" Said the.',0,'1973-08-02 06:22:36','1979-04-21 01:48:19'),(96,13,32,'I might venture to go down the bottle, she found herself in the same height as herself; and when she was not much like keeping so close to her, And mentioned me to sell you a couple?\' \'You are not.',0,'1985-03-04 13:04:58','2015-05-30 05:45:46'),(97,55,61,'Queen said severely \'Who is it directed to?\' said the Cat; and this Alice thought she might as well she might, what a Mock Turtle at last, and they sat down, and was surprised to find that she had a.',1,'2004-08-01 22:56:17','1987-10-14 23:32:43'),(98,59,89,'I know I do!\' said Alice very humbly: \'you had got so much into the court, \'Bring me the truth: did you do either!\' And the executioner went off like an honest man.\' There was nothing on it in the.',1,'1976-09-06 09:16:54','1978-12-27 01:18:05'),(99,45,98,'Dodo solemnly, rising to its feet, \'I move that the Gryphon answered, very nearly carried it off. * * * * CHAPTER II. The Pool of Tears \'Curiouser and curiouser!\' cried Alice hastily, afraid that.',1,'1998-02-03 18:45:47','1978-04-06 01:13:16'),(100,51,41,'Alice, (she had grown so large in the direction in which the words did not sneeze, were the verses the White Rabbit put on his flappers, \'--Mystery, ancient and modern, with Seaography: then.',0,'1999-04-30 20:12:23','1974-02-10 03:40:01');
/*!40000 ALTER TABLE `messages` ENABLE KEYS */;
UNLOCK TABLES;

--
-- Table structure for table `posts`
--

DROP TABLE IF EXISTS `posts`;
/*!40101 SET @saved_cs_client     = @@character_set_client */;
/*!50503 SET character_set_client = utf8mb4 */;
CREATE TABLE `posts` (
  `id` bigint unsigned NOT NULL AUTO_INCREMENT,
  `user_id` bigint unsigned NOT NULL,
  `txt` text CHARACTER SET utf8 COLLATE utf8_unicode_ci NOT NULL,
  `created_at` datetime DEFAULT CURRENT_TIMESTAMP,
  `updated_at` datetime DEFAULT NULL ON UPDATE CURRENT_TIMESTAMP,
  PRIMARY KEY (`id`),
  KEY `user_idx` (`user_id`),
  CONSTRAINT `user_posts_fk` FOREIGN KEY (`user_id`) REFERENCES `users` (`id`)
) ENGINE=InnoDB AUTO_INCREMENT=101 DEFAULT CHARSET=utf8mb3 COLLATE=utf8_unicode_ci;
/*!40101 SET character_set_client = @saved_cs_client */;

--
-- Dumping data for table `posts`
--

LOCK TABLES `posts` WRITE;
/*!40000 ALTER TABLE `posts` DISABLE KEYS */;
INSERT INTO `posts` VALUES (1,68,'Rabbit just under the window, she suddenly spread out her hand in hand with Dinah, and saying \"Come up again, dear!\" I shall have some fun now!\' thought Alice. One of the doors of the fact. \'I keep.','1977-02-07 02:02:01','1990-08-22 13:50:30'),(2,46,'Lizard\'s slate-pencil, and the King very decidedly, and there was a general clapping of hands at this: it was written to nobody, which isn\'t usual, you know.\' \'I DON\'T know,\' said Alice angrily. \'It.','2005-08-30 01:00:29','2014-09-09 13:19:49'),(3,56,'So you see, because some of the Lizard\'s slate-pencil, and the White Rabbit, jumping up in her pocket) till she was a child,\' said the King, \'or I\'ll have you executed, whether you\'re a little.','1992-08-16 16:11:16','2018-09-16 01:40:04'),(4,3,'Lory, with a bound into the air off all its feet at the Lizard in head downwards, and the sounds will take care of the house of the table, but there were no arches left, and all must have a prize.','1977-08-25 00:51:25','2016-05-06 01:38:59'),(5,61,'Mock Turtle said: \'no wise fish would go round a deal too far off to other parts of the edge of the gloves, and was surprised to see that queer little toss of her little sister\'s dream. The long.','2021-01-08 14:48:11','1998-12-12 20:29:34'),(6,81,'Hatter, it woke up again with a sigh: \'it\'s always tea-time, and we\'ve no time to avoid shrinking away altogether. \'That WAS a curious appearance in the sea. The master was an old crab, HE was.\' \'I.','1986-08-04 02:08:26','1980-08-31 11:51:38'),(7,41,'VERY tired of swimming about here, O Mouse!\' (Alice thought this must ever be A secret, kept from all the time he was speaking, and this was of very little use, as it left no mark on the same when I.','2013-04-08 02:02:45','1974-04-01 18:08:28'),(8,64,'Alice had been anything near the door as you liked.\' \'Is that all?\' said the Duchess, it had been, it suddenly appeared again. \'By-the-bye, what became of the baby?\' said the Rabbit actually TOOK A.','2012-10-15 03:51:47','1998-01-16 12:50:45'),(9,83,'The Dormouse slowly opened his eyes. \'I wasn\'t asleep,\' he said to herself, (not in a rather offended tone, \'was, that the mouse doesn\'t get out.\" Only I don\'t think,\' Alice went on muttering over.','1994-09-10 10:02:18','2017-11-08 08:55:35'),(10,51,'I said \"What for?\"\' \'She boxed the Queen\'s absence, and were resting in the window, and some were birds,) \'I suppose they are the jurors.\' She said the Dodo, \'the best way to hear the very tones of.','1971-10-12 12:58:23','2005-09-21 08:23:51'),(11,8,'I can find out the Fish-Footman was gone, and the words came very queer indeed:-- \'\'Tis the voice of thunder, and people began running about in the flurry of the window, and one foot to the King,.','1979-05-26 18:15:22','2011-09-20 16:57:31'),(12,81,'However, when they saw the White Rabbit blew three blasts on the look-out for serpents night and day! Why, I wouldn\'t say anything about it, even if my head would go anywhere without a moment\'s.','2020-09-07 14:30:39','1970-03-03 19:40:46'),(13,29,'I beg your pardon!\' cried Alice in a tone of this remark, and thought it must be collected at once without waiting for the Duchess and the baby--the fire-irons came first; then followed a shower of.','1984-11-30 09:57:00','1984-05-25 00:24:12'),(14,29,'I must be shutting up like a writing-desk?\' \'Come, we shall get on better.\' \'I\'d rather finish my tea,\' said the White Rabbit, who was talking. \'How CAN I have ordered\'; and she at once and put it.','1989-09-12 13:16:21','2011-11-26 09:30:11'),(15,27,'Cat: \'we\'re all mad here. I\'m mad. You\'re mad.\' \'How do you call him Tortoise--\' \'Why did you call him Tortoise, if he doesn\'t begin.\' But she waited for a minute or two to think that will be the.','2016-09-09 22:47:48','1983-02-18 04:59:06'),(16,70,'Alice, in a twinkling! Half-past one, time for dinner!\' (\'I only wish they COULD! I\'m sure I don\'t want to go! Let me think: was I the same thing as a cushion, resting their elbows on it, or at any.','1994-01-03 01:30:25','1982-11-14 12:56:26'),(17,27,'Dormouse denied nothing, being fast asleep. \'After that,\' continued the Pigeon, but in a great hurry, muttering to itself \'The Duchess! The Duchess! Oh my dear Dinah! I wonder if I\'ve been changed.','1996-04-01 05:28:58','1996-07-23 17:53:01'),(18,73,'How neatly spread his claws, And welcome little fishes in With gently smiling jaws!\' \'I\'m sure those are not attending!\' said the March Hare. \'Then it wasn\'t trouble enough hatching the eggs,\' said.','2012-03-29 16:19:04','2003-03-21 11:39:56'),(19,12,'How puzzling all these strange Adventures of hers that you had been looking at the Mouse\'s tail; \'but why do you call it sad?\' And she went slowly after it: \'I never said I didn\'t!\' interrupted.','1976-09-11 17:42:23','2013-06-13 12:26:46'),(20,31,'The Fish-Footman began by producing from under his arm a great hurry, muttering to itself \'Then I\'ll go round and round goes the clock in a low curtain she had this fit) An obstacle that came.','1980-01-11 21:54:24','1978-08-01 15:40:10'),(21,10,'Alice, \'and those twelve creatures,\' (she was obliged to write this down on one of these cakes,\' she thought, \'till its ears have come, or at any rate I\'ll never go THERE again!\' said Alice a good.','2018-06-17 21:37:06','1989-08-26 22:40:52'),(22,47,'Hatter. \'Stolen!\' the King said to one of them hit her in a trembling voice to a mouse, That he met in the shade: however, the moment how large she had finished, her sister was reading, but it was.','1994-02-07 00:25:38','1998-06-20 23:19:22'),(23,52,'Majesty must cross-examine THIS witness.\' \'Well, if I chose,\' the Duchess replied, in a low trembling voice, \'--and I hadn\'t quite finished my tea when I sleep\" is the same year for such a capital.','2010-03-01 21:15:54','1996-02-19 20:17:25'),(24,95,'The Knave did so, and were quite silent, and looked at Alice, and she drew herself up on tiptoe, and peeped over the fire, licking her paws and washing her face--and she is of mine, the less there.','2019-11-30 03:37:20','1997-07-19 05:10:23'),(25,18,'I know. Silence all round, if you were all locked; and when she had found her head to hide a smile: some of the words have got into it), and handed them round as prizes. There was a very short time.','2010-10-06 02:18:50','1974-05-04 17:10:00'),(26,4,'Game, or any other dish? Who would not join the dance?\"\' \'Thank you, it\'s a set of verses.\' \'Are they in the back. At last the Mouse, who was talking. \'How CAN I have none, Why, I do so like that.','2013-08-02 09:23:21','1976-10-24 18:06:10'),(27,89,'She felt very glad to find herself talking familiarly with them, as if he would deny it too: but the Gryphon remarked: \'because they lessen from day to such stuff? Be off, or I\'ll have you executed,.','1970-03-25 04:20:05','1989-05-07 11:07:40'),(28,88,'For this must be a LITTLE larger, sir, if you hold it too long; and that in some alarm. This time there were no tears. \'If you\'re going to be, from one minute to another! However, I\'ve got to grow.','2012-02-05 17:18:06','2016-07-22 07:16:53'),(29,14,'Queen. \'I never heard it muttering to itself in a voice sometimes choked with sobs, to sing this:-- \'Beautiful Soup, so rich and green, Waiting in a large arm-chair at one and then Alice dodged.','2011-06-09 17:41:33','2019-08-26 14:11:33'),(30,17,'Alice took up the fan and two or three of her head made her next remark. \'Then the eleventh day must have been was not easy to take the hint; but the tops of the birds hurried off at once: one old.','1976-05-25 15:30:01','1985-07-22 20:04:20'),(31,46,'I almost wish I could show you our cat Dinah: I think I could, if I might venture to go on. \'And so these three little sisters--they were learning to draw,\' the Dormouse go on for some way of.','2018-11-02 04:45:13','1978-06-08 20:43:20'),(32,81,'She hastily put down her anger as well as she could guess, she was now, and she jumped up in spite of all this time. \'I want a clean cup,\' interrupted the Hatter: \'but you could see it quite plainly.','1999-10-31 03:25:14','2013-07-28 15:07:40'),(33,63,'Alice said very politely, \'for I never understood what it was: she was appealed to by the officers of the Gryphon, \'you first form into a pig, and she was small enough to look down and make THEIR.','1974-08-11 05:52:14','1988-01-24 05:04:17'),(34,1,'THIS witness.\' \'Well, if I was, I shouldn\'t like THAT!\' \'Oh, you foolish Alice!\' she answered herself. \'How can you learn lessons in the same size: to be Number One,\' said Alice. \'Oh, don\'t talk.','2006-04-10 01:12:02','2021-01-03 02:33:14'),(35,83,'I can guess that,\' she added in a deep, hollow tone: \'sit down, both of you, and don\'t speak a word till I\'ve finished.\' So they sat down and cried. \'Come, there\'s no name signed at the Hatter, it.','1988-06-23 13:02:52','1980-05-15 10:52:07'),(36,23,'At this the whole head appeared, and then added them up, and began smoking again. This time there were ten of them, with her arms round it as she could not think of nothing else to do, so Alice.','1978-05-06 08:51:12','1991-05-12 14:38:18'),(37,81,'Alice, always ready to make ONE respectable person!\' Soon her eye fell upon a Gryphon, lying fast asleep in the flurry of the moment she appeared; but she stopped hastily, for the baby, and not to.','1993-03-04 12:05:39','1984-12-04 21:07:20'),(38,24,'Alice could hardly hear the words:-- \'I speak severely to my right size again; and the March Hare said to herself, \'to be going messages for a minute, trying to fix on one, the cook was busily.','1978-05-19 04:34:47','2010-09-27 20:36:45'),(39,87,'Queen say only yesterday you deserved to be sure, she had asked it aloud; and in a tone of great curiosity. \'Soles and eels, of course,\' he said in a coaxing tone, and added with a teacup in one.','1979-03-23 13:22:22','1984-03-28 08:24:42'),(40,64,'Alice! when she looked down at her side. She was a long time with the Lory, who at last she stretched her arms round it as to go through next walking about at the frontispiece if you like,\' said the.','1991-04-18 22:39:56','1981-04-08 22:23:59'),(41,74,'I\'m sure she\'s the best of educations--in fact, we went to the other, trying every door, she walked up towards it rather timidly, as she could. \'The game\'s going on shrinking rapidly: she soon found.','2007-09-25 22:40:26','1988-12-25 05:20:12'),(42,95,'King. \'When did you begin?\' The Hatter opened his eyes. He looked at the place of the treat. When the Mouse was bristling all over, and she said to herself, as well as she spoke. \'I must be on the.','2010-09-08 05:44:08','1987-03-16 10:37:12'),(43,44,'Alice. \'That\'s the first figure,\' said the Pigeon went on, \'\"--found it advisable to go near the door, she walked up towards it rather timidly, saying to her in a great hurry, muttering to itself.','2016-09-28 22:08:54','1975-01-30 20:37:12'),(44,2,'Alice very meekly: \'I\'m growing.\' \'You\'ve no right to think,\' said Alice thoughtfully: \'but then--I shouldn\'t be hungry for it, he was obliged to say \"HOW DOTH THE LITTLE BUSY BEE,\" but it was her.','1998-10-07 02:14:43','2021-06-07 03:21:28'),(45,24,'He says it kills all the jurors were writing down \'stupid things!\' on their faces, so that it might end, you know,\' said the King added in a voice she had someone to listen to me! I\'LL soon make you.','2011-04-18 00:57:50','1975-01-29 02:22:41'),(46,71,'You MUST have meant some mischief, or else you\'d have signed your name like an honest man.\' There was a little shaking among the bright flower-beds and the other birds tittered audibly. \'What I was.','1988-10-07 09:19:40','1992-08-13 20:23:29'),(47,71,'But the snail replied \"Too far, too far!\" and gave a little while, however, she went out, but it is.\' \'Then you shouldn\'t talk,\' said the March Hare said to herself. \'Shy, they seem to be\"--or if.','2017-01-23 22:34:50','1976-09-05 19:57:52'),(48,50,'Gryphon. \'It all came different!\' Alice replied in an offended tone, \'Hm! No accounting for tastes! Sing her \"Turtle Soup,\" will you, old fellow?\' The Mock Turtle\'s heavy sobs. Lastly, she pictured.','1985-08-02 06:19:14','1973-06-30 05:30:41'),(49,43,'So Alice got up in her haste, she had not got into it), and handed back to her: first, because the Duchess said in an undertone, \'important--unimportant--unimportant--important--\' as if she could.','1994-12-23 11:28:41','2000-03-27 06:42:57'),(50,83,'Duchess and the baby joined):-- \'Wow! wow! wow!\' \'Here! you may stand down,\' continued the Pigeon, raising its voice to its feet, \'I move that the best plan.\' It sounded an excellent plan, no doubt,.','2000-05-30 10:04:14','2001-08-10 13:00:42'),(51,81,'I think?\' \'I had NOT!\' cried the Mouse, who was talking. \'How CAN I have done that?\' she thought. \'I must be on the hearth and grinning from ear to ear. \'Please would you tell me,\' said Alice, in a.','1997-01-17 13:12:23','1992-01-09 23:46:07'),(52,53,'Pray how did you ever saw. How she longed to get dry again: they had to do that,\' said the Hatter. \'Stolen!\' the King had said that day. \'No, no!\' said the Cat, and vanished again. Alice waited a.','2014-02-21 09:55:55','2005-05-20 00:06:37'),(53,29,'Those whom she sentenced were taken into custody by the time it vanished quite slowly, beginning with the Lory, with a sigh: \'he taught Laughing and Grief, they used to call him Tortoise--\' \'Why did.','2008-07-17 23:33:45','2017-08-24 23:54:57'),(54,32,'Drawling--the Drawling-master was an immense length of neck, which seemed to her that she had felt quite strange at first; but she was losing her temper. \'Are you content now?\' said the King. Here.','2003-04-13 01:32:17','1993-10-26 04:28:27'),(55,47,'You know the song, perhaps?\' \'I\'ve heard something splashing about in the wood, \'is to grow larger again, and went on for some time in silence: at last it sat down a very short time the Queen had.','1984-11-06 04:32:29','2004-05-20 20:52:11'),(56,47,'Alice. \'Why?\' \'IT DOES THE BOOTS AND SHOES.\' the Gryphon went on. \'Or would you like the largest telescope that ever was! Good-bye, feet!\' (for when she had succeeded in curving it down \'important,\'.','1986-01-04 04:36:45','1995-12-21 08:16:41'),(57,36,'Queen!\' and the bright flower-beds and the constant heavy sobbing of the way of settling all difficulties, great or small. \'Off with her arms folded, quietly smoking a long hookah, and taking not.','2001-09-25 04:07:17','1987-09-20 11:39:33'),(58,35,'She went in without knocking, and hurried off at once and put it in less than no time she\'d have everybody executed, all round. \'But she must have been was not an encouraging tone. Alice looked at.','1975-06-08 17:43:37','1974-08-08 10:09:27'),(59,34,'They all sat down and make out what it might be some sense in your knocking,\' the Footman continued in the distance. \'Come on!\' cried the Mock Turtle had just begun to repeat it, when a cry of \'The.','2011-07-05 22:28:22','1973-09-22 06:14:18'),(60,49,'Why, she\'ll eat a little bit of the e--e--evening, Beautiful, beauti--FUL SOUP!\' \'Chorus again!\' cried the Gryphon. \'--you advance twice--\' \'Each with a kind of sob, \'I\'ve tried the roots of trees,.','2006-03-31 05:22:19','1971-09-23 05:11:22'),(61,52,'I should think!\' (Dinah was the same words as before, \'and things are \"much of a muchness?\' \'Really, now you ask me,\' said Alice, rather alarmed at the house, \"Let us both go to law: I will.','2016-02-01 09:22:01','1994-09-30 23:48:30'),(62,80,'Alice kept her waiting!\' Alice felt dreadfully puzzled. The Hatter\'s remark seemed to quiver all over with William the Conqueror.\' (For, with all speed back to my boy, I beat him when he finds out.','1978-08-20 04:50:52','1988-05-26 22:49:13'),(63,30,'Shakespeare, in the world you fly, Like a tea-tray in the lock, and to stand on their backs was the Rabbit began. Alice gave a look askance-- Said he thanked the whiting kindly, but he now hastily.','1995-04-25 15:01:28','1978-11-05 05:09:25'),(64,14,'Why, it fills the whole court was a little girl or a watch to take MORE than nothing.\' \'Nobody asked YOUR opinion,\' said Alice. \'Call it what you like,\' said the Gryphon. \'How the creatures argue..','2008-07-08 16:47:29','1999-06-16 16:14:57'),(65,81,'Pray how did you call it sad?\' And she opened it, and fortunately was just in time to hear the name of the gloves, and she at once crowded round it, panting, and asking, \'But who is Dinah, if I.','1984-11-01 20:27:07','2002-01-17 13:24:42'),(66,13,'Just then her head impatiently; and, turning to Alice, flinging the baby joined):-- \'Wow! wow! wow!\' While the Duchess was sitting next to her. The Cat seemed to be no chance of her ever getting out.','2014-12-05 04:00:31','1993-07-12 13:45:51'),(67,37,'I get SOMEWHERE,\' Alice added as an unusually large saucepan flew close by her. There was a real nose; also its eyes by this very sudden change, but very politely: \'Did you say \"What a pity!\"?\' the.','2018-05-09 11:45:16','1990-12-03 19:08:18'),(68,62,'I\'ll be jury,\" Said cunning old Fury: \"I\'ll try the experiment?\' \'HE might bite,\' Alice cautiously replied, not feeling at all a proper way of nursing it, (which was to find quite a new idea to.','2002-02-10 17:01:02','1991-02-15 18:11:19'),(69,36,'COURT.\' Everybody looked at it, and talking over its head. \'Very uncomfortable for the moment he was obliged to say but \'It belongs to the other, saying, in a low voice. \'Not at all,\' said the last.','1982-02-15 23:17:38','1980-01-09 02:44:55'),(70,24,'I!\' he replied. \'We quarrelled last March--just before HE went mad, you know--\' \'What did they draw the treacle from?\' \'You can draw water out of a globe of goldfish she had drunk half the bottle,.','2011-01-29 15:13:11','1999-09-25 15:07:42'),(71,25,'Queen was silent. The King laid his hand upon her arm, with its arms folded, quietly smoking a long way. So they sat down in a large fan in the last few minutes she heard a voice she had hoped) a.','1985-08-12 20:12:55','2010-03-24 09:45:44'),(72,9,'VERY tired of being upset, and their slates and pencils had been looking over his shoulder with some severity; \'it\'s very rude.\' The Hatter shook his head contemptuously. \'I dare say there may be.','1971-03-18 01:51:22','2018-06-23 08:17:36'),(73,18,'Dodo. Then they all crowded round it, panting, and asking, \'But who is to do so. \'Shall we try another figure of the Queen added to one of the goldfish kept running in her life, and had no pictures.','2005-03-17 07:48:38','1989-03-07 09:12:15'),(74,69,'Alice, \'shall I NEVER get any older than I am to see a little more conversation with her head! Off--\' \'Nonsense!\' said Alice, rather doubtfully, as she could, for the Duchess sang the second verse.','1994-06-21 15:48:21','1986-06-18 22:47:23'),(75,10,'Queen had never forgotten that, if you wouldn\'t have come here.\' Alice didn\'t think that proved it at all,\' said Alice: \'--where\'s the Duchess?\' \'Hush! Hush!\' said the young Crab, a little while,.','1992-05-13 18:50:13','1984-09-07 11:07:05'),(76,41,'Mouse, frowning, but very glad she had not got into the wood. \'It\'s the first to break the silence. \'What day of the court. (As that is enough,\' Said his father; \'don\'t give yourself airs! Do you.','2001-03-03 12:19:11','1986-05-28 20:15:23'),(77,39,'I!\' said the King, the Queen, the royal children; there were three gardeners who were lying on their slates, when the White Rabbit, who was talking. \'How CAN I have to fly; and the words did not.','1998-04-06 00:31:27','2007-03-17 01:38:40'),(78,81,'Alice was a large piece out of a bottle. They all returned from him to be otherwise than what you like,\' said the young lady to see what was coming. It was high time to be no use their putting their.','1991-11-12 07:42:16','2001-01-28 03:25:24'),(79,91,'THAT is--\"Take care of themselves.\"\' \'How fond she is of yours.\"\' \'Oh, I know!\' exclaimed Alice, who was peeping anxiously into her eyes--and still as she went on in a minute, trying to explain it.','2018-11-29 09:37:26','2013-05-14 09:22:46'),(80,82,'Down, down, down. Would the fall was over. However, when they had to be lost, as she spoke, but no result seemed to Alice with one of them can explain it,\' said the Caterpillar. \'Well, perhaps your.','1980-12-22 03:18:08','1991-10-06 23:37:06'),(81,63,'I don\'t take this young lady to see that she never knew so much surprised, that for two reasons. First, because I\'m on the bank, and of having nothing to do.\" Said the mouse to the voice of the.','1971-10-04 14:24:11','1999-07-29 11:36:38'),(82,71,'Seaography: then Drawling--the Drawling-master was an old Crab took the regular course.\' \'What was THAT like?\' said Alice. \'Why, there they lay sprawling about, reminding her very earnestly, \'Now,.','1991-09-17 14:57:40','1998-04-21 13:08:23'),(83,34,'Footman continued in the after-time, be herself a grown woman; and how she would have appeared to them to sell,\' the Hatter began, in rather a handsome pig, I think.\' And she thought at first was.','2004-09-23 14:36:06','1999-09-22 13:44:59'),(84,91,'Caterpillar. \'Well, perhaps not,\' said the Caterpillar. This was not even room for YOU, and no room at all fairly,\' Alice began, in a great many more than Alice could bear: she got up, and there was.','2012-06-01 05:17:28','1993-11-29 12:40:49'),(85,2,'Soup! Soup of the country is, you ARE a simpleton.\' Alice did not look at the place of the Mock Turtle. So she called softly after it, and talking over its head. \'Very uncomfortable for the.','2010-04-29 05:18:56','1993-03-29 10:59:50'),(86,81,'THEN--she found herself in the chimney close above her: then, saying to herself that perhaps it was addressed to the heads of the others took the place of the cattle in the window, and some of them.','2011-02-20 02:49:20','2020-07-25 08:38:14'),(87,38,'MINE.\' The Queen turned crimson with fury, and, after folding his arms and legs in all my limbs very supple By the time it vanished quite slowly, beginning with the game,\' the Queen to-day?\' \'I.','1995-03-12 05:50:46','1984-01-04 09:16:35'),(88,38,'The Cat\'s head with great emphasis, looking hard at Alice the moment she appeared on the same age as herself, to see if she was ever to get through the door, and tried to open her mouth; but she.','2006-01-18 06:09:34','1991-03-01 15:29:26'),(89,15,'Queen\'s shrill cries to the other was sitting next to her. \'I can hardly breathe.\' \'I can\'t go no lower,\' said the Mock Turtle. \'And how do you call him Tortoise--\' \'Why did they live on?\' said.','2004-02-12 03:45:13','1977-11-02 17:43:03'),(90,72,'There was exactly the right house, because the Duchess to play croquet.\' Then they all cheered. Alice thought to herself, as she could, and soon found an opportunity of taking it away. She did not.','2004-02-05 03:11:11','2007-02-13 17:49:38'),(91,86,'She said this she looked down at them, and just as I\'d taken the highest tree in the shade: however, the moment she appeared on the English coast you find a number of executions the Queen was in.','1981-12-06 18:53:20','2018-12-24 03:42:11'),(92,67,'I will prosecute YOU.--Come, I\'ll take no denial; We must have prizes.\' \'But who has won?\' This question the Dodo in an encouraging opening for a minute, while Alice thought over all the unjust.','2002-10-20 04:30:47','1999-06-04 06:57:23'),(93,51,'Mouse, turning to Alice. \'Only a thimble,\' said Alice very politely; but she remembered having seen such a neck as that! No, no! You\'re a serpent; and there\'s no use in crying like that!\' said Alice.','1992-10-10 22:26:56','1981-02-08 19:23:26'),(94,15,'Either the well was very fond of beheading people here; the great wonder is, that there\'s any one of the court. All this time the Queen merely remarking that a red-hot poker will burn you if you.','2005-03-02 21:16:34','2010-05-12 22:34:14'),(95,81,'Alice, as she came upon a heap of sticks and dry leaves, and the fan, and skurried away into the sky. Twinkle, twinkle--\"\' Here the Dormouse go on crying in this affair, He trusts to you never to.','1997-06-04 03:48:50','1999-03-01 22:56:20'),(96,32,'I beat him when he sneezes; For he can thoroughly enjoy The pepper when he finds out who was peeping anxiously into her face, with such sudden violence that Alice had been found and handed back to.','1975-12-13 09:48:13','2016-07-31 05:57:54'),(97,27,'The Lobster Quadrille The Mock Turtle Soup is made from,\' said the Mock Turtle, and said to herself, in a coaxing tone, and added \'It isn\'t a bird,\' Alice remarked. \'Right, as usual,\' said the.','2015-04-07 06:28:39','1974-02-10 06:48:53'),(98,17,'There was no one else seemed inclined to say it any longer than that,\' said the Cat: \'we\'re all mad here. I\'m mad. You\'re mad.\' \'How do you like the look of it in a tone of the water, and seemed to.','2016-12-22 23:26:13','1995-09-23 06:48:27'),(99,93,'Prizes!\' Alice had no idea what to do, so Alice ventured to remark. \'Tut, tut, child!\' said the Dormouse: \'not in that poky little house, and have next to no toys to play croquet.\' The Frog-Footman.','1999-05-16 07:21:29','1989-02-22 07:06:16'),(100,62,'Please, Ma\'am, is this New Zealand or Australia?\' (and she tried hard to whistle to it; but she got used to queer things happening. While she was ever to get through the little golden key in the.','1996-05-27 01:36:23','1984-12-23 01:17:29');
/*!40000 ALTER TABLE `posts` ENABLE KEYS */;
UNLOCK TABLES;

--
-- Table structure for table `posts_likes`
--

DROP TABLE IF EXISTS `posts_likes`;
/*!40101 SET @saved_cs_client     = @@character_set_client */;
/*!50503 SET character_set_client = utf8mb4 */;
CREATE TABLE `posts_likes` (
  `post_id` bigint unsigned NOT NULL,
  `user_id` bigint unsigned NOT NULL,
  `like_type` tinyint(1) DEFAULT '1',
  PRIMARY KEY (`post_id`,`user_id`),
  KEY `post_idx` (`post_id`),
  KEY `user_idx` (`user_id`),
  CONSTRAINT `posts_likes_fk` FOREIGN KEY (`post_id`) REFERENCES `posts` (`id`),
  CONSTRAINT `users_likes_fk` FOREIGN KEY (`user_id`) REFERENCES `users` (`id`)
) ENGINE=InnoDB DEFAULT CHARSET=utf8mb3 COLLATE=utf8_unicode_ci;
/*!40101 SET character_set_client = @saved_cs_client */;

--
-- Dumping data for table `posts_likes`
--

LOCK TABLES `posts_likes` WRITE;
/*!40000 ALTER TABLE `posts_likes` DISABLE KEYS */;
INSERT INTO `posts_likes` VALUES (2,14,1),(2,31,0),(2,38,0),(2,48,1),(2,73,1),(3,10,1),(5,15,1),(6,57,0),(8,19,0),(10,60,0),(10,85,1),(11,52,0),(12,69,1),(14,2,1),(14,79,0),(16,55,1),(18,48,1),(18,92,0),(19,77,0),(21,10,1),(23,18,0),(23,48,1),(23,88,1),(25,3,0),(26,94,1),(27,19,0),(27,28,0),(27,36,1),(27,51,1),(28,32,0),(28,72,0),(29,37,0),(29,56,0),(29,72,1),(30,87,0),(31,17,1),(32,19,1),(32,99,1),(33,7,0),(38,46,0),(38,94,0),(40,20,1),(41,11,1),(41,14,1),(41,22,0),(41,45,1),(42,10,1),(43,11,1),(43,34,1),(44,11,0),(44,71,0),(45,43,1),(46,60,1),(48,73,0),(51,6,1),(53,1,1),(53,43,0),(54,46,0),(54,63,0),(55,17,0),(55,83,0),(56,84,1),(57,7,0),(58,55,1),(59,19,0),(59,61,1),(61,41,0),(62,4,0),(63,18,0),(65,98,1),(66,95,0),(70,73,1),(70,88,1),(70,99,0),(73,88,0),(75,55,0),(76,61,0),(77,12,1),(77,66,1),(78,23,1),(80,63,1),(81,11,0),(82,86,1),(86,25,1),(86,46,0),(87,43,1),(87,51,0),(88,61,1),(90,29,1),(90,58,1),(90,66,0),(91,39,0),(91,61,0),(93,20,1),(93,59,0),(93,81,1),(97,45,1),(97,67,1),(97,74,1),(98,54,1);
/*!40000 ALTER TABLE `posts_likes` ENABLE KEYS */;
UNLOCK TABLES;

--
-- Table structure for table `profiles`
--

DROP TABLE IF EXISTS `profiles`;
/*!40101 SET @saved_cs_client     = @@character_set_client */;
/*!50503 SET character_set_client = utf8mb4 */;
CREATE TABLE `profiles` (
  `user_id` bigint unsigned NOT NULL,
  `gender` enum('f','m','x') CHARACTER SET utf8 COLLATE utf8_unicode_ci NOT NULL,
  `birthday` date NOT NULL,
  `photo_id` bigint unsigned DEFAULT NULL,
  `user_status` varchar(30) CHARACTER SET utf8 COLLATE utf8_unicode_ci DEFAULT NULL,
  `city` varchar(130) CHARACTER SET utf8 COLLATE utf8_unicode_ci DEFAULT NULL,
  `country` varchar(130) CHARACTER SET utf8 COLLATE utf8_unicode_ci DEFAULT NULL,
  PRIMARY KEY (`user_id`),
  UNIQUE KEY `photo_id` (`photo_id`)
) ENGINE=InnoDB DEFAULT CHARSET=utf8mb3 COLLATE=utf8_unicode_ci;
/*!40101 SET character_set_client = @saved_cs_client */;

--
-- Dumping data for table `profiles`
--

LOCK TABLES `profiles` WRITE;
/*!40000 ALTER TABLE `profiles` DISABLE KEYS */;
INSERT INTO `profiles` VALUES (1,'x','1970-01-23',19,'Vitae quam magnam quisquam rep','Port Elinore','Falkland Islands (Malvinas)'),(2,'m','1981-02-10',23,'Ullam veritatis est est sunt v','East Alizaville','Lithuania'),(3,'x','1989-11-14',52,'Reprehenderit voluptatem labor','New Darrelbury','Mexico'),(4,'m','1975-02-05',83,'Molestiae explicabo natus volu','Lake Roslyn','Zimbabwe'),(5,'x','2004-11-24',51,'Aspernatur omnis possimus mini','South Laurianne','Comoros'),(6,'x','1972-03-17',70,'Vel ut molestias eum ut aut. T','Edwinaside','Faroe Islands'),(8,'m','1988-09-29',33,'Assumenda est aspernatur omnis','New Devante','Venezuela'),(9,'x','1975-11-11',8,'Neque voluptatem architecto fu','North Brigitte','Senegal'),(10,'m','1992-07-17',62,'Impedit deleniti architecto ne','New Jazmyne','Israel'),(11,'m','1979-01-30',3,'Quam sunt possimus sapiente et','Glenville','Argentina'),(12,'x','1979-10-09',91,'Quia voluptatibus eaque et qui','East Savannahville','Bolivia'),(13,'x','1992-08-02',53,'Maxime magnam soluta et non do','Rossside','Guatemala'),(14,'f','1970-12-09',16,'Occaecati voluptatem hic sunt ','South Erniebury','Ghana'),(15,'x','1996-01-21',81,'Quis et id et fugiat. Reiciend','Minashire','Solomon Islands'),(16,'x','1985-01-21',50,'Dicta fugiat qui aut voluptate','Rodriguezland','French Guiana'),(19,'f','1973-12-09',43,'Non quis vitae consequuntur. E','North Zakary','Hungary'),(21,'x','2012-06-26',14,'In placeat neque dolore dolore','West Bria','Belarus'),(24,'f','1997-09-10',55,'Ea voluptates deleniti nesciun','East Ernashire','Colombia'),(25,'x','2010-06-12',100,'Ratione explicabo ab dolor ea.','East Orville','Bangladesh'),(26,'f','2009-06-05',21,'Quia et et sit libero omnis si','New Lanehaven','Korea'),(29,'m','1977-06-23',48,'Saepe libero quo nulla eius ne','West Graciela','Bermuda'),(30,'m','2003-03-26',78,'Blanditiis ut voluptatem inven','Lake Justusshire','Macedonia'),(31,'f','2014-04-06',35,'Est quis repellendus maxime si','New Demarcus','Tonga'),(32,'m','1973-03-05',66,'Deserunt vel quam et illo. Por','Connerfort','Colombia'),(34,'m','1989-07-27',86,'Voluptate quaerat aut sed aspe','South Darenberg','Angola'),(35,'x','1975-06-03',49,'Eaque enim et sint natus delen','Christophehaven','Latvia'),(38,'m','1984-12-01',31,'Repellat vitae consequatur occ','Port Jerelborough','American Samoa'),(40,'m','1998-05-31',63,'Cupiditate commodi commodi sin','New Juliethaven','Bahamas'),(41,'m','1996-07-02',92,'Beatae quibusdam vel aut enim.','Hauckfort','Norfolk Island'),(44,'m','2021-06-12',45,'Ipsa amet sit odit eius. Nobis','North Reynoldmouth','Saint Helena'),(45,'f','2021-06-04',2,'Veritatis qui aut qui animi qu','Lake Kristyside','Guinea'),(46,'x','2003-05-14',34,'Dolore in suscipit est dolores','Pacochamouth','Azerbaijan'),(47,'x','1975-09-07',94,'Accusamus qui tempora eligendi','Robertsmouth','Saint Pierre and Miquelon'),(49,'x','2004-10-17',56,'Quas veritatis consectetur min','Port Estella','Martinique'),(50,'f','1996-11-27',37,'Illo dolore reprehenderit volu','Port Ruby','Germany'),(51,'m','1971-07-09',4,'Distinctio et sint omnis quaer','Dimitrishire','Bermuda'),(53,'f','2006-03-21',40,'Aut et modi ut atque et aut. E','East Tyratown','Botswana'),(54,'m','2003-01-14',57,'Vel ut pariatur cumque hic nob','Ortizfurt','Lithuania'),(55,'m','1971-07-22',24,'Unde dignissimos quis est aute','West Emelie','Bulgaria'),(56,'f','1984-06-29',39,'Omnis rerum aut velit alias qu','Emmanuelleville','Reunion'),(57,'m','2014-01-10',77,'Non natus ab tenetur nihil. Qu','Majorburgh','Jordan'),(58,'m','1995-05-25',79,'Commodi odio facere ut fugit s','East Ardenville','Somalia'),(62,'m','1971-10-01',25,'Excepturi tempora at velit et ','Linwoodfurt','Iraq'),(63,'x','2007-04-09',89,'Sed aut consequatur at eaque m','East Candelario','Papua New Guinea'),(65,'m','2003-05-17',10,'Corrupti aspernatur autem enim','Port Ignacioville','Guernsey'),(67,'m','1994-12-06',5,'Nam sit aliquam fuga aut. Poss','Skilesville','Russian Federation'),(68,'m','1970-06-19',65,'Alias nulla quisquam autem sap','South Sophiastad','Reunion'),(69,'f','2009-06-08',68,'Iure eos adipisci possimus nos','Borertown','Tonga'),(70,'m','1982-03-01',88,'Architecto et et ducimus dolor','Johanntown','Micronesia'),(71,'x','1994-11-13',28,'Delectus accusantium ullam fug','Port Cleo','Anguilla'),(72,'x','1973-03-31',59,'Eius quas est nihil porro laud','East Rebeca','Anguilla'),(73,'m','1974-05-15',74,'Possimus debitis suscipit quid','East Alyssonborough','Romania'),(76,'x','2004-05-08',75,'Non dignissimos labore soluta ','Isadoremouth','Senegal'),(78,'f','2011-03-29',97,'Voluptatem earum earum maxime.','South Rebecatown','San Marino'),(79,'m','2003-03-13',9,'Et dolore veniam dolorem persp','Earlineview','Croatia'),(82,'x','1986-08-14',12,'Aliquid quis eligendi culpa. I','Johnniehaven','Belize'),(84,'f','1993-08-02',73,'Suscipit esse saepe sint alias','Port Phoebe','Dominican Republic'),(87,'f','1992-08-16',11,'Iste ut earum eum excepturi es','Ernserland','Costa Rica'),(88,'f','2021-01-04',44,'Et blanditiis aspernatur moles','Gudrunbury','Faroe Islands'),(89,'x','2012-04-18',41,'Animi quis doloribus quisquam ','Hoytfurt','Somalia'),(90,'f','1984-10-10',1,'Suscipit aut in dolorem quas n','Marcelhaven','Cameroon'),(91,'m','1977-03-06',67,'Id praesentium libero tempora ','Alyciaside','French Southern Territories'),(92,'x','2021-01-02',96,'Velit et consequatur ut in eos','Rogahnborough','Algeria'),(93,'f','2014-10-30',26,'Voluptas minima deserunt volup','North Samir','Panama'),(96,'x','1983-04-08',36,'Rerum qui praesentium nobis si','New Omerberg','Guam'),(97,'m','2012-10-14',93,'Tempora error ea quia veritati','Port Trycia','United Kingdom'),(100,'f','2009-05-07',60,'Distinctio vitae corrupti odio','West Friedrich','Venezuela');
/*!40000 ALTER TABLE `profiles` ENABLE KEYS */;
UNLOCK TABLES;

--
-- Table structure for table `users`
--

DROP TABLE IF EXISTS `users`;
/*!40101 SET @saved_cs_client     = @@character_set_client */;
/*!50503 SET character_set_client = utf8mb4 */;
CREATE TABLE `users` (
  `id` bigint unsigned NOT NULL AUTO_INCREMENT,
  `first_name` varchar(145) CHARACTER SET utf8 COLLATE utf8_unicode_ci NOT NULL,
  `last_name` varchar(145) CHARACTER SET utf8 COLLATE utf8_unicode_ci NOT NULL,
  `email` varchar(145) CHARACTER SET utf8 COLLATE utf8_unicode_ci NOT NULL,
  `phone` char(11) CHARACTER SET utf8 COLLATE utf8_unicode_ci NOT NULL,
  `password_hash` char(65) CHARACTER SET utf8 COLLATE utf8_unicode_ci DEFAULT NULL,
  `created_at` datetime NOT NULL DEFAULT CURRENT_TIMESTAMP,
  PRIMARY KEY (`id`),
  UNIQUE KEY `email_idx` (`email`),
  UNIQUE KEY `phone_idx` (`phone`)
) ENGINE=InnoDB AUTO_INCREMENT=101 DEFAULT CHARSET=utf8mb3 COLLATE=utf8_unicode_ci;
/*!40101 SET character_set_client = @saved_cs_client */;

--
-- Dumping data for table `users`
--

LOCK TABLES `users` WRITE;
/*!40000 ALTER TABLE `users` DISABLE KEYS */;
INSERT INTO `users` VALUES (1,'Krystel','Raynor','marcelo.strosin@example.com','82769570177','08bc7a3f10ebc5e3078489e5c11e4d767e7125c0','2008-08-10 21:56:40'),(2,'Aleen','Heaney','laverna99@example.com','70815985659','0f8cb89115753da74caac9e5f5db0b7e5b4ad755','1990-02-27 21:12:14'),(3,'Efrain','Hudson','gudrun.willms@example.com','49567519019','bdf94cdfafbf6905fefb6d101aa8920916b49b3b','1972-08-05 12:42:31'),(4,'Katharina','Kling','adele08@example.org','66389830406','9aa44ad3c9979aa38986d7e791e3ffd248ec50e0','2006-03-13 11:49:41'),(5,'Javier','Schoen','adams.celine@example.org','01674574539','71545a6865cc0812df0bd86c146dfb55f9ebf974','1991-04-21 02:33:18'),(6,'Jace','Ondricka','klein.caleigh@example.org','22875058951','fd1c5481f8ad4761a6df606792dde2d81809f31d','1997-02-18 02:26:18'),(7,'Adelia','Hammes','gunnar17@example.org','36189719648','fd1889ece14c2e9ed2a02c77a464fc2dbdd8d917','2000-11-15 10:39:38'),(8,'Alejandrin','Collins','bnienow@example.org','44228007883','731f144cd87409d842699f58f1e21724c6358589','1981-04-10 22:17:38'),(9,'Joyce','Flatley','feeney.abbigail@example.net','35584752568','4c74a4ef2aa76910a793fab9e681c92c28bb4874','1980-03-06 17:04:43'),(10,'Joanne','Daniel','oswift@example.org','96729939653','c1fc41695f1c5c2356c2be97556d26aee69af4ea','1980-12-18 17:27:18'),(11,'Willa','Lang','erwin50@example.org','80012307271','391758b628d783834ca9a94926cfaa8a7cb122b7','1973-03-27 00:56:31'),(12,'Vivienne','Jerde','padberg.makenzie@example.com','31558440065','cda0fd9ccd4d2b0f6e638b00aca86e9a6ec66385','2019-05-09 13:05:25'),(13,'Sally','Glover','monroe09@example.com','56118364078','13df14d5b9a759502592acc7a436c43093ed2357','2012-04-04 03:32:47'),(14,'Janessa','Herzog','elfrieda.sporer@example.org','12920680899','7febfc7cfd3248f9add63d2e0c643cbbe8699add','2002-06-22 18:55:34'),(15,'Soledad','Bauch','simeon.schoen@example.org','38707295091','9027cc10daf8f6a839879592a677fe2402765f47','2021-02-23 10:59:51'),(16,'Israel','Baumbach','jon41@example.net','54493818263','39910d8b954acefc0f8e4774841e183f0f8be315','2017-09-27 03:16:53'),(17,'Hank','Ratke','kylee50@example.net','97860946418','b511e69c91a3ae0a7f53110bd5c5ae6ce39d290d','1976-01-02 09:42:47'),(18,'Joannie','Hermann','nathan.collins@example.com','90791375848','8068f5894ecd7960ec72a5904a778bac2f019a49','1982-09-27 06:05:15'),(19,'Carlo','Fadel','xbogisich@example.org','80170747964','8e9935fcb58f7d5a5297acf0205797b888da649d','1977-08-31 12:55:01'),(20,'Archibald','Cummerata','ywalsh@example.net','15655471916','3f2e9126c35a0e2a4ca7c42cf640767c8e70346a','1974-09-29 14:23:21'),(21,'Ocie','Senger','daugherty.vincenza@example.net','67160583695','cb6c18a0e77cd867a3b0613db56ff866c1176444','1974-06-14 16:37:01'),(22,'Presley','Herzog','ihessel@example.org','81432222387','0e4099fbaf2eb1ee1481109b835ef04d6eebce5f','1993-09-18 11:52:28'),(23,'Deja','Lowe','miles.padberg@example.org','42141465784','6c5b45b332f12acdc1a445eabac1aa3ec8d3d442','2020-06-30 12:01:00'),(24,'Dolly','Metz','reilly.claudia@example.com','31769546029','247d5693ae02afc4a644246327ac503786003f42','1983-11-16 07:21:58'),(25,'Colten','Gaylord','angela.willms@example.org','81548010882','f5032fd06bd4cb6e0f141f00ea775bd25d220e4b','2009-12-17 06:03:30'),(26,'Josianne','Berge','eryn74@example.net','55076148539','f9c316df5278137842736e09a429c8134a1a36b6','1993-08-04 19:09:08'),(27,'Scotty','Bartoletti','clittel@example.org','80378441199','ef2bce095925a4ee91394e62ee51da164e2054bf','1973-06-20 02:34:57'),(28,'Griffin','Lehner','doris.pagac@example.org','47434342587','b03e622dd7ed320e8d452d70d427726a0bab57f3','1996-06-26 13:03:52'),(29,'Eladio','Gerlach','harmony.gleichner@example.net','67865384538','bc460d24c2812fe7db5d7b450b23b28843ff0b66','1972-10-14 01:41:42'),(30,'Velma','Roob','ellie37@example.net','36473350927','da6c0ca118c1016c09e7352d1060d0dfe90f4a31','1982-11-23 09:10:58'),(31,'Lenna','Schumm','antwan.labadie@example.com','57644142187','027221a5ab03e507e0870be12ef1591880394b11','1990-06-29 01:50:28'),(32,'Alfonzo','Rosenbaum','hhettinger@example.com','12194026879','5060b5f9b7e228d1257fa11b21321e4af7f40a2f','1983-07-02 04:24:16'),(33,'Kay','Brekke','dlehner@example.org','94908526803','a24ef1aab180def5223573f24060b870a46543f1','2000-04-08 14:31:09'),(34,'Selena','Feest','wiegand.chelsey@example.com','58632834294','d1344ad2ef98b5c73116a3ceda09722292970680','2001-01-26 03:16:31'),(35,'Ralph','Abshire','watson00@example.org','80364195423','0937e725c31829f41bc550f740f8c95264a136e8','2018-03-05 19:39:16'),(36,'Kailee','Bednar','chelsea07@example.org','59981455482','a7b419e3bf6ddeb6f6758d1c4cbf2b8c6a324592','1975-12-17 04:30:31'),(37,'Immanuel','O\'Reilly','chadrick64@example.org','48527317875','950354fe6ef371a7bbc95edbe6f490061fbc0914','1972-04-04 02:10:48'),(38,'Constance','Keeling','zfahey@example.net','95627007926','74557c62310c36153682412baf1a1cf81ca06396','1992-03-04 02:08:46'),(39,'Emmalee','Ferry','emmy.walsh@example.com','29475072707','1d5dc70bdcce0af0a1932ec8261762548086c37a','1998-05-18 17:43:30'),(40,'Janick','Swift','oberbrunner.urban@example.org','08375959725','4e97bc3ec1070d708d4cdf27be543f3109b93d31','2017-01-17 02:54:10'),(41,'Della','Keeling','ychamplin@example.org','23448249625','51b5e77a9802ddc0e0f17520084a833963e6e27b','2019-11-28 14:33:56'),(42,'Daisy','Williamson','maryjane57@example.org','26227096839','e736d7f8dac703547838530e105eed07c99aab8e','2009-12-07 07:23:35'),(43,'Palma','Braun','dpaucek@example.org','98526684074','567ef99783a736bc753a267703968ff419edf626','2015-01-17 03:23:32'),(44,'Agustin','Rice','jay65@example.net','20975244597','85540b8fc43a353c9b696c5b1c50ac2cad4a3dbf','2000-03-27 11:53:54'),(45,'Jon','Schinner','coralie04@example.com','67651938171','80ba838d904d03dd2419f97a1383f983cd170c58','2019-04-10 09:36:34'),(46,'Jackie','Stamm','judy01@example.net','17293220100','dcbc10c55d056899ac12189fc935dbe2de6742c1','1974-09-30 18:09:11'),(47,'Ena','Swaniawski','omiller@example.net','42322563913','5e94f2c7409a76ec50e30e1b869c0a58acfddaf8','1973-09-03 11:33:40'),(48,'Quincy','Schneider','mboyer@example.com','03714069860','4d2438b10ad08a96a8162c15ee36901f36a3dbce','1977-02-14 08:16:19'),(49,'Cornell','Kulas','connelly.clair@example.net','78243821819','2e4112ea66dd907b0fa78de4d74a5cc11d55c656','1983-12-21 23:41:35'),(50,'Leonie','Maggio','zstrosin@example.com','44013889167','1b30c6de283822f614fe1c7de60c3b5a1b03c5a0','2011-10-22 07:33:45'),(51,'Patrick','Hickle','bherzog@example.net','33430069620','371748aad53194fae1947244641332f70c45dddf','2006-06-04 09:10:41'),(52,'Marcelle','Walsh','schoen.ava@example.net','40814865158','8330105c8aca2008fe862ed03fda22c4cd638a23','1982-07-05 10:50:41'),(53,'Gretchen','Witting','favian41@example.net','23303213717','77689aae1311e25b239cdf0d66e4c059316f67c0','1983-08-10 21:02:26'),(54,'Gerry','Brown','khyatt@example.com','72650979083','d19c1941ff083f1cb4f941aa341ee3e100c8620e','2014-10-12 17:03:36'),(55,'Vance','Bogan','jermey10@example.org','48686507658','736c26dd64479adf156719fdc806eb231a48a5da','2000-03-08 19:41:41'),(56,'Lucio','Hudson','cole.aurelie@example.org','71780907644','c065d3bec4a2629e96c2429e0eea04ed6f99afe4','2007-12-10 15:26:30'),(57,'Salvatore','Schowalter','mkris@example.org','47597588181','68c44d9f6b24d35f7c8b4bb01f244675c4e30933','2010-06-18 19:14:49'),(58,'Jaydon','Kunde','bhaley@example.org','81647367698','e323c0487631e4f4b6c107f2148fea794064b478','2013-03-28 17:40:12'),(59,'Antonetta','Weber','emory.bergnaum@example.com','38357552825','73dcac2931c4c94ca27511eaceacd243228740ee','2013-09-16 04:01:33'),(60,'Reilly','Hayes','mazie.lang@example.com','33010776009','4fe26d70802066154f827ed2f43083b44abc5184','2017-10-06 10:10:15'),(61,'Clinton','Blick','garry.satterfield@example.org','16348231186','5d51c789b15d3aa0b1b93fdbdcb731b3a3158a14','2005-03-14 02:11:36'),(62,'Wallace','Tremblay','mankunding@example.org','87454536795','e1a9f4c7c3e526b8fde7cbbf71be46e2d3d340cb','2011-12-24 21:43:51'),(63,'Denis','Bernhard','roxanne.mills@example.org','82406393096','bbff62024606ccde9ae85fd4c8213c53cc12e04b','2016-03-26 19:53:01'),(64,'Ernestine','Hickle','liam16@example.org','04588781332','f61fca2363372a8eee012cd2dc7ebefb7c7195ee','2008-11-02 07:11:30'),(65,'Fermin','Murray','camden.quitzon@example.net','69888339357','8a40b4eca563fce7d4a4f9be1733c4aa5e4991f9','2015-06-10 03:30:13'),(66,'Camilla','White','ireinger@example.net','59237901656','62c8ccd633f706bf376d8093eddb6ac8d645a099','1970-04-09 17:34:34'),(67,'Oscar','Osinski','uschmitt@example.org','56911365463','8246b24a719212bb1128e216b4fc2ff09c893e4b','2011-09-13 10:46:32'),(68,'Alexie','Bayer','kale.vandervort@example.org','89766766815','95e18bac9c4145d418739173bc99c74f89305b58','2017-04-19 15:06:27'),(69,'Tamia','Padberg','gconroy@example.com','21550900451','8e6fe8b3cb2f7ca0fad65b280f06f2b76bf0a6c9','1995-12-18 06:14:59'),(70,'Arnaldo','Gleichner','colby.white@example.com','41742910370','5dece85eca39231fd70212efb37559bd6c092abd','1984-03-25 00:22:25'),(71,'Jacquelyn','Schaden','vreynolds@example.com','14888992037','79db27ebe3eaf942b43ec1331b1df9ad70ba3296','2008-02-02 21:06:07'),(72,'Arturo','Conn','lang.loma@example.com','37933805856','19ec1f3a07555d5a626f0fe85b87def14b69083d','1996-01-17 14:32:20'),(73,'Harmony','Buckridge','langosh.noelia@example.com','01605771489','d497f2bfff3c1b87ee4fd296faad5ffda4adb73f','1976-05-14 07:19:10'),(74,'Terrence','Johnson','vdaniel@example.net','69333482765','175e2ae19513738635389c907450af3ad652a60c','2014-04-08 16:50:25'),(75,'Cletus','Kohler','feil.elvis@example.com','18820218146','53eb8cee31b972d46157d3ddb7206173998cfc94','2017-11-03 04:07:46'),(76,'Kraig','Doyle','josefa52@example.com','04689818923','735fb1eff685708e5206850f3cac27c6f332ad73','1994-09-21 10:54:10'),(77,'Adrianna','Casper','nikolas.ebert@example.net','23575136813','380fcf9eea100c600ae502e3027d843a6505960c','1981-05-04 00:24:37'),(78,'Modesta','Lind','ciara92@example.net','26822151604','216d6adb219d67c38f24c098e23d569190d9d872','1973-05-25 09:13:06'),(79,'Dannie','Beier','bosco.lyda@example.com','63838458235','e9109de2cc474ac66c72e4ed9f9a70909002877f','1989-05-03 23:28:50'),(80,'Brandt','Bradtke','bgibson@example.net','36372557814','c2de1db5b79e73c6702e11574b27848aabb9d391','2008-11-12 12:27:22'),(81,'Elmira','Cole','chase.cruickshank@example.net','23956215168','2bb79c38209ec7ae8cde49133721f33e03dae40d','2015-06-10 23:52:50'),(82,'Josefina','Terry','aweber@example.com','03099255655','16e4bd68f11141650850cb1581b4d39f9579be39','1989-06-21 04:55:44'),(83,'Rosalia','Zulauf','tdubuque@example.com','02573525879','9df01534beec7f32c65b42353a1210cde0ca8f68','1975-03-07 06:23:33'),(84,'Frieda','Cole','zmcglynn@example.net','33879953389','56580e12a529250876d4bfe9f70849f936b69a70','2020-10-12 12:52:32'),(85,'Diamond','Powlowski','benny.miller@example.org','16137378070','8e508e49d27452ad126f7203757adea5aa263fc0','2011-06-13 13:24:12'),(86,'Lincoln','Bosco','fiona.abbott@example.com','24101482650','0e065afe4a1c2baff4b91aa257e14a0a05826dac','1995-09-01 03:31:06'),(87,'Virginie','Lakin','fahey.robb@example.com','85639222485','b90114ea4e3fc9937ea20ba287a7547c904b7671','1987-05-03 05:41:46'),(88,'Zachariah','Daugherty','manuela32@example.com','80586784686','0053c67953fa435d30d5272210cfbb7cad7948de','2010-09-30 12:38:52'),(89,'Melody','Carroll','obie.kunde@example.com','84241127376','199aea3f0118bbf3b22855db57c2f20f4bc0f228','2014-05-11 02:43:19'),(90,'Ike','Hoeger','zoe60@example.com','39219834399','ccf5a2472b3f50e093497b2190aac3529b94f6ff','1976-08-28 14:58:13'),(91,'Stephan','Stehr','kovacek.iliana@example.com','76383028794','49a20ac7370337c1f7ce13bd280b272dd7c6eb99','1991-01-17 09:22:58'),(92,'Kole','Cremin','feeney.baron@example.org','99286873605','3a64cf89086df9423c987036391e1c348222e6d8','2003-09-06 00:22:41'),(93,'Cristobal','Stehr','davonte32@example.net','26486850578','033fe489af1f280b5aecdbc82e6d16404eee8e98','1986-09-20 14:28:05'),(94,'Preston','Leannon','lillie.muller@example.org','32179055995','c1a8f127e6a5fa33754ae986c4e8075c0f5d8891','2018-11-09 19:17:44'),(95,'Thea','Nolan','mabelle91@example.org','49909064037','87b9d9972f10dbc9b1a819de145be5d683b86229','2020-11-09 03:03:07'),(96,'Luther','Hammes','heller.stefan@example.net','60453981783','4bbc8d72061debc7273c20a2391ca90b481a4526','2002-04-15 09:34:20'),(97,'Arturo','Nienow','deven40@example.net','35528892318','ee75cdb7d84231c00dc1bdcd7c0153922f622797','1989-01-28 11:28:40'),(98,'Orion','Larkin','lessie38@example.org','82579842599','f27eb191da296a8b894775fd205aba505eff267e','1997-03-08 04:46:21'),(99,'Brandy','Hirthe','kaya37@example.com','56059866640','fa4ddabdd3858388fb6dc307a58ed93378e6a3c9','1992-04-21 21:33:56'),(100,'Coralie','Leannon','shanel.howe@example.com','22826742598','b731a33199090a7b8ff6f08a8af50d6ec6075664','1983-09-06 12:36:35');
/*!40000 ALTER TABLE `users` ENABLE KEYS */;
UNLOCK TABLES;
/*!40103 SET TIME_ZONE=@OLD_TIME_ZONE */;

/*!40101 SET SQL_MODE=@OLD_SQL_MODE */;
/*!40014 SET FOREIGN_KEY_CHECKS=@OLD_FOREIGN_KEY_CHECKS */;
/*!40014 SET UNIQUE_CHECKS=@OLD_UNIQUE_CHECKS */;
/*!40101 SET CHARACTER_SET_CLIENT=@OLD_CHARACTER_SET_CLIENT */;
/*!40101 SET CHARACTER_SET_RESULTS=@OLD_CHARACTER_SET_RESULTS */;
/*!40101 SET COLLATION_CONNECTION=@OLD_COLLATION_CONNECTION */;
/*!40111 SET SQL_NOTES=@OLD_SQL_NOTES */;

-- Dump completed on 2021-07-16  2:24:49
